address	addressobj/city	addressobj/country	addressobj/postalcode	addressobj/state	addressobj/street1	addressobj/street2	ancestorlocations/0/abbreviation	ancestorlocations/0/id	ancestorlocations/0/name	ancestorlocations/0/subcategory	ancestorlocations/1/abbreviation	ancestorlocations/1/id	ancestorlocations/1/name	ancestorlocations/1/subcategory	ancestorlocations/2/abbreviation	ancestorlocations/2/id	ancestorlocations/2/name	ancestorlocations/2/subcategory	category	cuisines/0	cuisines/1	cuisines/2	cuisines/3	cuisines/4	cuisines/5	cuisines/6	cuisines/7	cuisines/8	cuisines/9	cuisines/10	cuisines/11	cuisines/12	cuisines/13	cuisines/14	cuisines/15	cuisines/16	cuisines/17	cuisines/18	cuisines/19	description	dietaryrestrictions/0	dietaryrestrictions/1	dietaryrestrictions/2	dietaryrestrictions/3	dishes/0	dishes/1	dishes/2	dishes/3	dishes/4	dishes/5	dishes/6	dishes/7	dishes/8	dishes/9	dishes/10	dishes/11	dishes/12	dishes/13	dishes/14	email	establishmenttypes/0	establishmenttypes/1	features/0	features/1	features/2	features/3	features/4	features/5	features/6	features/7	features/8	features/9	features/10	features/11	features/12	features/13	features/14	features/15	features/16	features/17	features/18	features/19	features/20	features/21	hours	hours/timezone	hours/weekranges/0/0/close	hours/weekranges/0/0/closehours	hours/weekranges/0/0/open	hours/weekranges/0/0/openhours	hours/weekranges/0/1/close	hours/weekranges/0/1/closehours	hours/weekranges/0/1/open	hours/weekranges/0/1/openhours	hours/weekranges/0/2/close	hours/weekranges/0/2/closehours	hours/weekranges/0/2/open	hours/weekranges/0/2/openhours	hours/weekranges/1/0/close	hours/weekranges/1/0/closehours	hours/weekranges/1/0/open	hours/weekranges/1/0/openhours	hours/weekranges/1/1/close	hours/weekranges/1/1/closehours	hours/weekranges/1/1/open	hours/weekranges/1/1/openhours	hours/weekranges/1/2/close	hours/weekranges/1/2/closehours	hours/weekranges/1/2/open	hours/weekranges/1/2/openhours	hours/weekranges/2/0/close	hours/weekranges/2/0/closehours	hours/weekranges/2/0/open	hours/weekranges/2/0/openhours	hours/weekranges/2/1/close	hours/weekranges/2/1/closehours	hours/weekranges/2/1/open	hours/weekranges/2/1/openhours	hours/weekranges/2/2/close	hours/weekranges/2/2/closehours	hours/weekranges/2/2/open	hours/weekranges/2/2/openhours	hours/weekranges/3/0/close	hours/weekranges/3/0/closehours	hours/weekranges/3/0/open	hours/weekranges/3/0/openhours	hours/weekranges/3/1/close	hours/weekranges/3/1/closehours	hours/weekranges/3/1/open	hours/weekranges/3/1/openhours	hours/weekranges/3/2/close	hours/weekranges/3/2/closehours	hours/weekranges/3/2/open	hours/weekranges/3/2/openhours	hours/weekranges/4/0/close	hours/weekranges/4/0/closehours	hours/weekranges/4/0/open	hours/weekranges/4/0/openhours	hours/weekranges/4/1/close	hours/weekranges/4/1/closehours	hours/weekranges/4/1/open	hours/weekranges/4/1/openhours	hours/weekranges/4/2/close	hours/weekranges/4/2/closehours	hours/weekranges/4/2/open	hours/weekranges/4/2/openhours	hours/weekranges/5/0/close	hours/weekranges/5/0/closehours	hours/weekranges/5/0/open	hours/weekranges/5/0/openhours	hours/weekranges/5/1/close	hours/weekranges/5/1/closehours	hours/weekranges/5/1/open	hours/weekranges/5/1/openhours	hours/weekranges/5/2/close	hours/weekranges/5/2/closehours	hours/weekranges/5/2/open	hours/weekranges/5/2/openhours	hours/weekranges/6/0/close	hours/weekranges/6/0/closehours	hours/weekranges/6/0/open	hours/weekranges/6/0/openhours	hours/weekranges/6/1/close	hours/weekranges/6/1/closehours	hours/weekranges/6/1/open	hours/weekranges/6/1/openhours	hours/weekranges/6/2/close	hours/weekranges/6/2/closehours	hours/weekranges/6/2/open	hours/weekranges/6/2/openhours	id	image	input	isclaimedicon	isclaimedtext	isclosed	islongclosed	isnearbyresult	latitude	localaddress	localname	locationstring	longitude	mealtypes/0	mealtypes/1	mealtypes/2	mealtypes/3	mealtypes/4	mealtypes/5	menuweburl	name	numberofreviews	opennowtext	ownerstopreasons	ownerstopreasons/sectionheader	ownerstopreasons/sponsoredby	ownerstopreasons/topreasons/0/header	ownerstopreasons/topreasons/0/image_url	ownerstopreasons/topreasons/0/issearchterm	ownerstopreasons/topreasons/0/keyword	ownerstopreasons/topreasons/0/linktext	ownerstopreasons/topreasons/0/rank	ownerstopreasons/topreasons/0/review/rating	ownerstopreasons/topreasons/0/review/reviewid	ownerstopreasons/topreasons/0/review/screenname	ownerstopreasons/topreasons/0/text	ownerstopreasons/topreasons/1/header	ownerstopreasons/topreasons/1/image_url	ownerstopreasons/topreasons/1/issearchterm	ownerstopreasons/topreasons/1/keyword	ownerstopreasons/topreasons/1/linktext	ownerstopreasons/topreasons/1/rank	ownerstopreasons/topreasons/1/review/rating	ownerstopreasons/topreasons/1/review/reviewid	ownerstopreasons/topreasons/1/review/screenname	ownerstopreasons/topreasons/1/text	ownerstopreasons/topreasons/2/header	ownerstopreasons/topreasons/2/image_url	ownerstopreasons/topreasons/2/issearchterm	ownerstopreasons/topreasons/2/keyword	ownerstopreasons/topreasons/2/linktext	ownerstopreasons/topreasons/2/rank	ownerstopreasons/topreasons/2/review/rating	ownerstopreasons/topreasons/2/review/reviewid	ownerstopreasons/topreasons/2/review/screenname	ownerstopreasons/topreasons/2/text	phone	photocount	photos/0	photos/1	photos/2	photos/3	photos/4	photos/5	photos/6	photos/7	photos/8	photos/9	photos/10	photos/11	photos/12	photos/13	photos/14	photos/15	photos/16	photos/17	photos/18	photos/19	photos/20	photos/21	photos/22	photos/23	photos/24	photos/25	photos/26	photos/27	photos/28	photos/29	photos/30	photos/31	photos/32	photos/33	photos/34	photos/35	photos/36	photos/37	photos/38	photos/39	photos/40	photos/41	photos/42	photos/43	photos/44	photos/45	photos/46	photos/47	photos/48	photos/49	photos/50	photos/51	photos/52	photos/53	photos/54	photos/55	photos/56	photos/57	photos/58	photos/59	photos/60	photos/61	photos/62	photos/63	photos/64	photos/65	photos/66	pricelevel	pricerange	rankingdenominator	rankingposition	rankingstring	rating	ratinghistogram/count1	ratinghistogram/count2	ratinghistogram/count3	ratinghistogram/count4	ratinghistogram/count5	rawranking	reviewtags/0/reviews	reviewtags/0/text	reviewtags/1/reviews	reviewtags/1/text	reviewtags/2/reviews	reviewtags/2/text	reviewtags/3/reviews	reviewtags/3/text	reviewtags/4/reviews	reviewtags/4/text	reviewtags/5/reviews	reviewtags/5/text	reviewtags/6/reviews	reviewtags/6/text	reviewtags/7/reviews	reviewtags/7/text	reviewtags/8/reviews	reviewtags/8/text	reviewtags/9/reviews	reviewtags/9/text	reviewtags/10/reviews	reviewtags/10/text	reviewtags/11/reviews	reviewtags/11/text	reviewtags/12/reviews	reviewtags/12/text	reviewtags/13/reviews	reviewtags/13/text	reviewtags/14/reviews	reviewtags/14/text	reviewtags/15/reviews	reviewtags/15/text	reviewtags/16/reviews	reviewtags/16/text	reviewtags/17/reviews	reviewtags/17/text	reviewtags/18/reviews	reviewtags/18/text	reviewtags/19/reviews	reviewtags/19/text	reviewtags/20/reviews	reviewtags/20/text	reviewtags/21/reviews	reviewtags/21/text	subcategories/0	travelerchoiceaward	type	weburl	website
"Central Province""	80.77075	Breakfast	Lunch	Dinner					The Diplomatic Corner	0	Open Now																																		+94 77 987 7774	6	https://media-cdn.tripadvisor.com/media/photo-o/14/09/d4/d4/the-diplomatic-corner.jpg	https://media-cdn.tripadvisor.com/media/photo-o/14/09/d4/db/the-diplomatic-corner.jpg	https://media-cdn.tripadvisor.com/media/photo-o/14/09/d4/da/the-diplomatic-corner.jpg	https://media-cdn.tripadvisor.com/media/photo-o/14/09/d4/d6/the-diplomatic-corner.jpg	https://media-cdn.tripadvisor.com/media/photo-o/14/09/d4/d5/the-diplomatic-corner.jpg	https://media-cdn.tripadvisor.com/media/photo-o/14/09/d4/d3/the-diplomatic-corner.jpg																																																																				0	0	0	0	0																																																RESTAURANT	https://www.tripadvisor.com/Restaurant_Review-g608524-d14870024-Reviews-The_Diplomatic_Corner-Nuwara_Eliya_Central_Province.html"
"Central Province""	80.76544								Hotel 7 Days	1																																			+94 77 060 2042	6	https://media-cdn.tripadvisor.com/media/photo-o/16/86/42/f6/20190219-193414-largejpg.jpg	https://media-cdn.tripadvisor.com/media/photo-o/16/86/42/f7/20190219-193337-largejpg.jpg	https://media-cdn.tripadvisor.com/media/photo-o/16/86/42/f9/20190219-192629-largejpg.jpg	https://media-cdn.tripadvisor.com/media/photo-o/16/86/42/f8/20190219-193222-largejpg.jpg	https://media-cdn.tripadvisor.com/media/photo-o/16/86/42/f5/20190219-195056-largejpg.jpg	https://dynamic-media-cdn.tripadvisor.com/media/photo-o/16/86/42/f9/20190219-192629-largejpg.jpg	https://dynamic-media-cdn.tripadvisor.com/media/photo-o/16/86/42/f8/20190219-193222-largejpg.jpg	https://dynamic-media-cdn.tripadvisor.com/media/photo-o/16/86/42/f7/20190219-193337-largejpg.jpg	https://dynamic-media-cdn.tripadvisor.com/media/photo-o/16/86/42/f6/20190219-193414-largejpg.jpg	https://dynamic-media-cdn.tripadvisor.com/media/photo-o/16/86/42/f5/20190219-195056-largejpg.jpg	https://dynamic-media-cdn.tripadvisor.com/media/photo-o/16/83/6e/c6/hotel-7-days.jpg																																																											97	72	#72 of 97 Restaurants in Nuwara Eliya	4	0	0	0	1	0	3.011702299																																															RESTAURANT	https://www.tripadvisor.com/Restaurant_Review-g608524-d16183465-Reviews-Hotel_7_Days-Nuwara_Eliya_Central_Province.html"
"Central Province""	80.76684	Breakfast	Lunch	Dinner					New Royal Cafe & Restaurant	1	Open Now																																		+94 52 2 222342	0																																																																						97	76	#76 of 97 Restaurants in Nuwara Eliya	2	0	1	0	0	0	2.910307646																																															RESTAURANT	https://www.tripadvisor.com/Restaurant_Review-g608524-d19100509-Reviews-New_Royal_Cafe_Restaurant-Nuwara_Eliya_Central_Province.html"
"Central Province""	80.76569								La Cottage Boutique Hotel & Restuarant	7																																			+94 52 4 545345	11	https://media-cdn.tripadvisor.com/media/photo-o/0e/fe/e8/9c/amazing-food-and-hospitality.jpg	https://media-cdn.tripadvisor.com/media/photo-o/16/6f/fd/be/lamp-cover-was-missing.jpg	https://media-cdn.tripadvisor.com/media/photo-o/16/6f/fd/bc/lamp-cover-was-missing.jpg	https://media-cdn.tripadvisor.com/media/photo-o/16/6f/fd/b7/the-bed-cover-is-very.jpg	https://media-cdn.tripadvisor.com/media/photo-o/16/6f/fd/b3/carpet-is-very-dirty.jpg	https://dynamic-media-cdn.tripadvisor.com/media/photo-o/16/6f/fd/bc/lamp-cover-was-missing.jpg	https://dynamic-media-cdn.tripadvisor.com/media/photo-o/16/6f/fd/be/lamp-cover-was-missing.jpg	https://dynamic-media-cdn.tripadvisor.com/media/photo-o/16/6f/fd/ae/the-cover-was-broken.jpg	https://dynamic-media-cdn.tripadvisor.com/media/photo-o/16/6f/fd/a8/room-is-large-but-no.jpg	https://dynamic-media-cdn.tripadvisor.com/media/photo-o/16/6f/fd/ab/the-cover-was-broken.jpg	https://dynamic-media-cdn.tripadvisor.com/media/photo-o/16/6f/fd/a6/room-is-large-but-no.jpg	https://dynamic-media-cdn.tripadvisor.com/media/photo-o/16/6f/fd/b7/the-bed-cover-is-very.jpg	https://dynamic-media-cdn.tripadvisor.com/media/photo-o/16/6f/fd/b3/carpet-is-very-dirty.jpg	https://dynamic-media-cdn.tripadvisor.com/media/photo-o/0f/c4/3e/a4/c360-2017-07-03-06-22_rotated_270.jpg	https://dynamic-media-cdn.tripadvisor.com/media/photo-o/0f/c4/3e/a5/c360-2017-07-03-06-22.jpg																																																					$$ - $$$		97	70	#70 of 97 Restaurants in Nuwara Eliya	3.5	1	0	2	3	1	3.023900032																																													Sit down		RESTAURANT	https://www.tripadvisor.com/Restaurant_Review-g608524-d12322124-Reviews-La_Cottage_Boutique_Hotel_Restuarant-Nuwara_Eliya_Central_Province.html"
"Central Province""	80.76755	Lunch	Dinner						Pub Nuwara Eliya	0	Open Now																																		+94 77 611 0664	0																																																																										0	0	0	0	0																																																RESTAURANT	https://www.tripadvisor.com/Restaurant_Review-g608524-d28006584-Reviews-Pub_Nuwara_Eliya-Nuwara_Eliya_Central_Province.html	https://www.instagram.com/pub_nuwaraeliya?igsh=d3hjmxc3exr2ndzo&utm_source=qr"
"Central Province""	80.77292	Breakfast	Lunch	Dinner					Royal Lake Restaurant	0	Open Now																																		+94 77 292 6450	12	https://media-cdn.tripadvisor.com/media/photo-o/26/75/05/f2/outdoor-dinning.jpg	https://media-cdn.tripadvisor.com/media/photo-o/26/75/b2/ee/noodles.jpg	https://media-cdn.tripadvisor.com/media/photo-o/26/75/b2/ed/seafood.jpg	https://media-cdn.tripadvisor.com/media/photo-o/26/75/b2/ec/snacks.jpg	https://media-cdn.tripadvisor.com/media/photo-o/26/75/b2/ea/fruits.jpg	https://media-cdn.tripadvisor.com/media/photo-o/26/75/b2/e9/seafood.jpg																																																														$$ - $$$		97	73	#73 of 97 Restaurants in Nuwara Eliya		0	0	0	0	0	3.004380465																																													Sit down		RESTAURANT	https://www.tripadvisor.com/Restaurant_Review-g608524-d14090023-Reviews-Royal_Lake_Restaurant-Nuwara_Eliya_Central_Province.html"
"Central Province""	80.78148								Hotel Runs Restaurant	1																																			+94 77 100 0235	0																																																																						97	69	#69 of 97 Restaurants in Nuwara Eliya	5	0	0	0	0	1	3.025085211																																															RESTAURANT	https://www.tripadvisor.com/Restaurant_Review-g608524-d20106173-Reviews-Hotel_Runs_Restaurant-Nuwara_Eliya_Central_Province.html"
"Central Province""	80.76628	Breakfast	Lunch	Dinner					Grill Rush Cafe	0	Open Now																																		+94 77 152 6232	2	https://media-cdn.tripadvisor.com/media/photo-o/1c/a5/00/3d/grill-rush-cafe.jpg	https://media-cdn.tripadvisor.com/media/photo-o/1c/aa/71/a7/weakend-bbq-special.jpg																																																																								0	0	0	0	0																																																RESTAURANT	https://www.tripadvisor.com/Restaurant_Review-g608524-d23142997-Reviews-Grill_Rush_Cafe-Nuwara_Eliya_Central_Province.html"
"Central Province""		Breakfast	Lunch	Dinner					Hot and Fast food	0																																			+94 70 726 8717	0																																																																										0	0	0	0	0																																																RESTAURANT	https://www.tripadvisor.com/Restaurant_Review-g608524-d26551326-Reviews-Hot_and_Fast_food-Nuwara_Eliya_Central_Province.html"
"Central Province""	80.768776								Zuza Street Food Dilivery	0																																			+94 77 222 0304	0																																																																				$$ - $$$						0	0	0	0	0																																														Sit down		RESTAURANT	https://www.tripadvisor.com/Restaurant_Review-g608524-d15752702-Reviews-Zuza_Street_Food_Dilivery-Nuwara_Eliya_Central_Province.html"
"Central Province""	80.77638								Club Trout	0																																			+94 77 883 1777	0																																																																				$						0	0	0	0	0																																														Sit down		RESTAURANT	https://www.tripadvisor.com/Restaurant_Review-g608524-d16701338-Reviews-Club_Trout-Nuwara_Eliya_Central_Province.html	https://www.facebook.com/clubtrout/"
"Central Province""	80.77821	Breakfast	Lunch	Dinner					Lemon Lounge Restaurant And Pub	0	Open Now																																		94741948163	0																																																																										0	0	0	0	0																																																RESTAURANT	https://www.tripadvisor.com/Restaurant_Review-g608524-d27727189-Reviews-Lemon_Lounge_Restaurant_And_Pub-Nuwara_Eliya_Central_Province.html"
"Central Province""	80.83079								Cafe Cinnomon	0																																			+(94)074 015 5510	0																																																																				$						0	0	0	0	0																																														Sit down		RESTAURANT	https://www.tripadvisor.com/Restaurant_Review-g608524-d21321628-Reviews-Cafe_Cinnomon-Nuwara_Eliya_Central_Province.html	https://www.facebook.com/Cafe-Cinnamon-103043471565690/"
"Central Province""	80.76394								Dushan's Home Kitchen	0																																				0																																																																										0	0	0	0	0																																																RESTAURANT	https://www.tripadvisor.com/Restaurant_Review-g608524-d28668397-Reviews-Dushan_s_Home_Kitchen-Nuwara_Eliya_Central_Province.html"
"Central Province""									Fresh and Warm Restaurant	3																																				3	https://media-cdn.tripadvisor.com/media/photo-o/2b/e8/51/d3/caption.jpg	https://media-cdn.tripadvisor.com/media/photo-o/2b/e8/51/d4/caption.jpg	https://media-cdn.tripadvisor.com/media/photo-o/2b/e8/51/d2/caption.jpg	https://dynamic-media-cdn.tripadvisor.com/media/photo-o/2b/e8/51/d3/caption.jpg	https://dynamic-media-cdn.tripadvisor.com/media/photo-o/2b/e8/51/d4/caption.jpg	https://dynamic-media-cdn.tripadvisor.com/media/photo-o/2b/e8/51/d2/caption.jpg																																																																85	54	#54 of 110 places to eat in Nuwara Eliya	4.5	0	0	0	2	1	3.082481861																																															RESTAURANT	https://www.tripadvisor.com/Restaurant_Review-g608524-d27695809-Reviews-Fresh_and_Warm_Restaurant-Nuwara_Eliya_Central_Province.html	https://www.araliyaresorts.com/araliya-green-city/dining/fresh-warm/"
""
"Central Province""									White Tea Pot	8																																			+94 77 484 0463	3	https://media-cdn.tripadvisor.com/media/photo-o/08/99/b7/ee/facade-cote-rue.jpg	https://media-cdn.tripadvisor.com/media/photo-o/0e/e7/67/01/white-tea-pot.jpg	https://media-cdn.tripadvisor.com/media/photo-o/0e/e7/67/0e/white-tea-pot.jpg	https://dynamic-media-cdn.tripadvisor.com/media/photo-o/0e/e7/67/01/white-tea-pot.jpg	https://dynamic-media-cdn.tripadvisor.com/media/photo-o/0e/e7/67/0e/white-tea-pot.jpg																																																																	97	55	#55 of 97 Restaurants in Nuwara Eliya	4	0	1	0	6	1	3.050625563																																															RESTAURANT	https://www.tripadvisor.com/Restaurant_Review-g608524-d7697039-Reviews-White_Tea_Pot-Nuwara_Eliya_Central_Province.html"
"Central Province""	80.77354	Lunch	Dinner	Drinks					Alnara Boat Restaurant	0	Open Now																																		+94 71 380 5805	19	https://media-cdn.tripadvisor.com/media/photo-o/2e/17/22/01/restaurant.jpg	https://media-cdn.tripadvisor.com/media/photo-o/2e/17/21/fb/parking.jpg	https://media-cdn.tripadvisor.com/media/photo-o/2e/17/22/00/restaurant.jpg	https://media-cdn.tripadvisor.com/media/photo-o/2e/17/22/05/restaurant.jpg	https://media-cdn.tripadvisor.com/media/photo-o/2e/17/21/fa/restaurant.jpg	https://media-cdn.tripadvisor.com/media/photo-o/2e/17/21/ff/restaurant.jpg	https://media-cdn.tripadvisor.com/media/photo-o/2e/17/22/04/faluda.jpg	https://media-cdn.tripadvisor.com/media/photo-o/2e/17/22/09/restaurant.jpg	https://media-cdn.tripadvisor.com/media/photo-o/2e/17/21/f9/restaurant.jpg	https://media-cdn.tripadvisor.com/media/photo-o/2e/17/21/fe/juce.jpg	https://media-cdn.tripadvisor.com/media/photo-o/2e/17/22/03/cofe.jpg	https://media-cdn.tripadvisor.com/media/photo-o/2e/17/22/08/food.jpg	https://media-cdn.tripadvisor.com/media/photo-o/2e/17/22/02/juce.jpg	https://media-cdn.tripadvisor.com/media/photo-o/2e/17/22/07/faluda.jpg	https://media-cdn.tripadvisor.com/media/photo-o/2e/17/21/f8/restaurant.jpg	https://media-cdn.tripadvisor.com/media/photo-o/2e/17/21/fd/food.jpg	https://media-cdn.tripadvisor.com/media/photo-o/2e/17/22/06/cofe.jpg	https://media-cdn.tripadvisor.com/media/photo-o/2e/17/21/fc/food.jpg	https://media-cdn.tripadvisor.com/media/photo-o/2e/17/21/f7/restaurant.jpg																																																							0	0	0	0	0																																																RESTAURANT	https://www.tripadvisor.com/Restaurant_Review-g608524-d27886219-Reviews-Alnara_Boat_Restaurant-Nuwara_Eliya_Central_Province.html	https://www.facebook.com/profile.php?id=61559716271160"
"Central Province""	80.765076	Lunch	Dinner						Grand Thai	1582	Closed Now																																		+94 52 2 222881	530	https://media-cdn.tripadvisor.com/media/photo-o/18/e2/14/ce/grand-thai.jpg	https://media-cdn.tripadvisor.com/media/photo-o/18/e2/15/b3/grand-thai.jpg	https://media-cdn.tripadvisor.com/media/photo-o/18/e2/16/26/grand-thai.jpg	https://media-cdn.tripadvisor.com/media/photo-o/18/e2/15/ee/grand-thai.jpg	https://media-cdn.tripadvisor.com/media/photo-o/18/e2/15/39/grand-thai.jpg	https://media-cdn.tripadvisor.com/media/photo-o/18/e2/14/50/grand-thai.jpg	https://media-cdn.tripadvisor.com/media/photo-o/2e/08/44/47/caption.jpg	https://media-cdn.tripadvisor.com/media/photo-o/2e/08/44/46/caption.jpg	https://media-cdn.tripadvisor.com/media/photo-o/2d/f7/59/63/caption.jpg	https://media-cdn.tripadvisor.com/media/photo-o/12/43/7c/eb/sliced-papaya-salad.jpg	https://media-cdn.tripadvisor.com/media/photo-o/16/ec/98/92/photo2jpg.jpg	https://media-cdn.tripadvisor.com/media/photo-o/14/8b/c4/4b/restaurant.jpg	https://media-cdn.tripadvisor.com/media/photo-o/2d/c3/ee/b7/caption.jpg	https://media-cdn.tripadvisor.com/media/photo-o/2d/c3/ee/b6/caption.jpg	https://media-cdn.tripadvisor.com/media/photo-o/2d/c3/ee/b5/caption.jpg	https://media-cdn.tripadvisor.com/media/photo-o/2d/c3/ee/b9/caption.jpg	https://media-cdn.tripadvisor.com/media/photo-o/2d/c3/ee/b4/caption.jpg	https://media-cdn.tripadvisor.com/media/photo-o/2d/c3/ee/b8/caption.jpg	https://media-cdn.tripadvisor.com/media/photo-o/2d/c3/ee/b3/caption.jpg	https://media-cdn.tripadvisor.com/media/photo-o/2d/1e/91/72/caption.jpg	https://media-cdn.tripadvisor.com/media/photo-o/06/e5/98/42/grand-thai-restaurant.jpg	https://media-cdn.tripadvisor.com/media/photo-o/06/e5/99/49/fried-ice-cream-yummy.jpg	https://media-cdn.tripadvisor.com/media/photo-o/2b/ed/26/b8/caption.jpg	https://dynamic-media-cdn.tripadvisor.com/media/photo-o/22/84/ec/3e/caption.jpg	https://dynamic-media-cdn.tripadvisor.com/media/photo-o/22/84/ec/3d/caption.jpg	https://dynamic-media-cdn.tripadvisor.com/media/photo-o/22/84/ec/3c/caption.jpg	https://dynamic-media-cdn.tripadvisor.com/media/photo-o/22/84/ec/3b/caption.jpg	https://dynamic-media-cdn.tripadvisor.com/media/photo-o/22/84/ec/3a/caption.jpg	https://dynamic-media-cdn.tripadvisor.com/media/photo-o/22/7b/99/3d/caption.jpg	https://dynamic-media-cdn.tripadvisor.com/media/photo-o/1a/7e/ac/28/photo3jpg.jpg	https://dynamic-media-cdn.tripadvisor.com/media/photo-o/1a/7e/ac/27/photo2jpg.jpg	https://dynamic-media-cdn.tripadvisor.com/media/photo-o/1a/7e/ac/26/photo1jpg.jpg	https://dynamic-media-cdn.tripadvisor.com/media/photo-o/1a/7e/ac/25/photo0jpg.jpg	https://dynamic-media-cdn.tripadvisor.com/media/photo-o/28/c6/70/89/caption.jpg																																		$$ - $$$		97	4	#4 of 97 Restaurants in Nuwara Eliya	4.5	24	25	50	215	1268	4.86376667	98	thai food	17	green curry	20	prawns	15	curries	11	soup	14	chicken	9	juice	104	grand hotel	49	sri lanka	20	service was excellent	9	great ambience	14	food was amazing	18	jude	15	darshan	36	spicy	10	rashmi	14	nuwara	9	eliya	12	mr							Sit down		RESTAURANT	https://www.tripadvisor.com/Restaurant_Review-g608524-d7177158-Reviews-Grand_Thai-Nuwara_Eliya_Central_Province.html	http://thegrandhotelnuwaraeliya.com"
"Central Province""	80.69389	Breakfast	Lunch	Dinner	Brunch	Drinks			Chill Ramboda	191	Open Now																																		+94 71 363 9782	241	https://media-cdn.tripadvisor.com/media/photo-o/28/2c/6d/38/beautiful-scenery-of.jpg	https://media-cdn.tripadvisor.com/media/photo-o/28/2c/8f/b3/here-s-a-burger-bun-to.jpg	https://media-cdn.tripadvisor.com/media/photo-o/28/2c/8f/b2/hungry-let-s-meat-up.jpg	https://media-cdn.tripadvisor.com/media/photo-o/28/2c/8f/b1/night-view.jpg	https://media-cdn.tripadvisor.com/media/photo-o/28/2c/8f/af/hello-fruits.jpg	https://dynamic-media-cdn.tripadvisor.com/media/photo-o/28/f4/03/26/caption.jpg	https://dynamic-media-cdn.tripadvisor.com/media/photo-o/28/f4/03/24/caption.jpg	https://dynamic-media-cdn.tripadvisor.com/media/photo-o/28/f4/03/bd/caption.jpg	https://dynamic-media-cdn.tripadvisor.com/media/photo-o/28/f4/03/27/caption.jpg	https://dynamic-media-cdn.tripadvisor.com/media/photo-o/2d/cf/27/41/caption.jpg	https://dynamic-media-cdn.tripadvisor.com/media/photo-o/2d/cf/27/42/caption.jpg	https://dynamic-media-cdn.tripadvisor.com/media/photo-o/2b/a8/0c/68/caption.jpg	https://dynamic-media-cdn.tripadvisor.com/media/photo-o/2e/0f/21/96/caption.jpg	https://dynamic-media-cdn.tripadvisor.com/media/photo-o/2e/0f/21/97/caption.jpg	https://dynamic-media-cdn.tripadvisor.com/media/photo-o/2e/0f/21/98/caption.jpg	https://dynamic-media-cdn.tripadvisor.com/media/photo-o/2c/e6/bf/6f/caption.jpg	https://dynamic-media-cdn.tripadvisor.com/media/photo-o/2c/e6/bf/70/caption.jpg	https://dynamic-media-cdn.tripadvisor.com/media/photo-o/2b/5b/a1/d5/caption.jpg	https://dynamic-media-cdn.tripadvisor.com/media/photo-o/2b/5b/a1/d3/caption.jpg	https://dynamic-media-cdn.tripadvisor.com/media/photo-o/2b/5b/a1/d4/caption.jpg	https://dynamic-media-cdn.tripadvisor.com/media/photo-o/2b/5b/a1/d6/caption.jpg	https://dynamic-media-cdn.tripadvisor.com/media/photo-o/2b/5b/a2/54/caption.jpg	https://dynamic-media-cdn.tripadvisor.com/media/photo-o/2c/ce/c3/e7/caption.jpg	https://dynamic-media-cdn.tripadvisor.com/media/photo-o/2c/ce/c3/e8/caption.jpg	https://dynamic-media-cdn.tripadvisor.com/media/photo-o/2c/ce/c3/e9/caption.jpg	https://dynamic-media-cdn.tripadvisor.com/media/photo-o/2c/ce/c3/ea/caption.jpg	https://dynamic-media-cdn.tripadvisor.com/media/photo-o/2c/ce/c3/eb/caption.jpg	https://dynamic-media-cdn.tripadvisor.com/media/photo-o/2b/f6/19/df/caption.jpg	https://dynamic-media-cdn.tripadvisor.com/media/photo-o/2b/f6/19/dd/caption.jpg	https://dynamic-media-cdn.tripadvisor.com/media/photo-o/2b/f6/19/de/caption.jpg	https://dynamic-media-cdn.tripadvisor.com/media/photo-o/2b/54/f9/12/caption.jpg	https://dynamic-media-cdn.tripadvisor.com/media/photo-o/2b/54/f9/10/caption.jpg	https://dynamic-media-cdn.tripadvisor.com/media/photo-o/2b/54/f9/11/caption.jpg	https://dynamic-media-cdn.tripadvisor.com/media/photo-o/2b/54/f9/59/caption.jpg																																		$$ - $$$		97	2	#2 of 97 Restaurants in Nuwara Eliya	5	0	0	0	8	183	4.881179333	5	lunch	2	fresh food	2	ella	3	meal																																							RESTAURANT	https://www.tripadvisor.com/Restaurant_Review-g608524-d25300322-Reviews-Chill_Ramboda-Nuwara_Eliya_Central_Province.html	https://www.facebook.com/ChillCafeRamboda/?paipv=0&eav=AfZeVMUM5nV2gri3ALi_MfxtBwCfszKD4NyQdicieQPCYbJP0HOiR0eux8-nyf3S3ZU&_rdr/"
"Central Province""	80.764465	Breakfast	Lunch	Dinner	Brunch				The Golf Green City bungalow	10	Open Now																																		+94 77 103 3600	34	https://media-cdn.tripadvisor.com/media/photo-o/0f/18/22/71/rice-with-hot-beef-curry.jpg	https://media-cdn.tripadvisor.com/media/photo-o/1a/af/85/21/happy-guests.jpg	https://media-cdn.tripadvisor.com/media/photo-o/1a/af/81/18/enjoying-tasty-food.jpg	https://media-cdn.tripadvisor.com/media/photo-o/1a/af/7f/d6/lunch-time.jpg	https://media-cdn.tripadvisor.com/media/photo-o/1a/02/17/f0/garden.jpg	https://media-cdn.tripadvisor.com/media/photo-o/1a/02/17/5a/a-bedroom.jpg	https://media-cdn.tripadvisor.com/media/photo-o/1a/02/16/e2/lobby-area.jpg	https://media-cdn.tripadvisor.com/media/photo-o/1a/02/16/92/lobby.jpg	https://media-cdn.tripadvisor.com/media/photo-o/1a/02/16/48/backyard.jpg	https://media-cdn.tripadvisor.com/media/photo-o/1a/02/15/c1/lobby.jpg	https://media-cdn.tripadvisor.com/media/photo-o/1a/02/15/77/upstair-lobby.jpg	https://media-cdn.tripadvisor.com/media/photo-o/1a/02/14/be/front-elevation.jpg	https://media-cdn.tripadvisor.com/media/photo-o/1a/02/0d/73/soups-and-salads.jpg	https://media-cdn.tripadvisor.com/media/photo-o/0e/03/00/06/meat-lovers.jpg	https://media-cdn.tripadvisor.com/media/photo-o/1a/af/8c/d4/nice-view.jpg	https://media-cdn.tripadvisor.com/media/photo-o/1a/af/8a/1e/lunch.jpg	https://media-cdn.tripadvisor.com/media/photo-o/1a/af/87/a6/buffet.jpg	https://media-cdn.tripadvisor.com/media/photo-o/1a/af/86/b3/happy-meal.jpg	https://media-cdn.tripadvisor.com/media/photo-o/1a/af/86/3a/lunch.jpg	https://media-cdn.tripadvisor.com/media/photo-o/1a/af/7c/ff/view-from-the-dining.jpg	https://media-cdn.tripadvisor.com/media/photo-o/0e/02/ff/e0/bbq.jpg	https://dynamic-media-cdn.tripadvisor.com/media/photo-o/1a/02/07/e8/img-20191108-120629-largejpg.jpg	https://dynamic-media-cdn.tripadvisor.com/media/photo-o/1a/02/07/e7/img-20191109-070133-largejpg.jpg	https://dynamic-media-cdn.tripadvisor.com/media/photo-o/1a/02/07/e5/img-20191109-070443-largejpg.jpg	https://dynamic-media-cdn.tripadvisor.com/media/photo-o/1a/02/07/e3/img-20191109-070259-burst010.jpg	https://dynamic-media-cdn.tripadvisor.com/media/photo-o/16/e2/cc/ae/view-from-the-back-yard.jpg	https://dynamic-media-cdn.tripadvisor.com/media/photo-o/0f/18/22/43/rice-with-fish-curry.jpg	https://dynamic-media-cdn.tripadvisor.com/media/photo-o/0f/18/22/71/rice-with-hot-beef-curry.jpg	https://dynamic-media-cdn.tripadvisor.com/media/photo-o/0f/2d/59/89/rotty-with-meat-ball.jpg																																							$$ - $$$		85	41	#41 of 110 places to eat in Nuwara Eliya	4.5	0	0	0	3	7	3.138468266																																													Sit down		RESTAURANT	https://www.tripadvisor.com/Restaurant_Review-g608524-d11957771-Reviews-The_Golf_Green_City_bungalow-Nuwara_Eliya_Central_Province.html"
"Central Province""	80.7724	Breakfast	Lunch	Dinner	Brunch	Drinks			Themparadu	550	Open Now																																		+94 77 883 1777	318	https://media-cdn.tripadvisor.com/media/photo-o/2b/81/e3/69/restaurant-entrance.jpg	https://media-cdn.tripadvisor.com/media/photo-o/2b/81/d9/15/entrance.jpg	https://media-cdn.tripadvisor.com/media/photo-o/2b/81/d6/74/entrance.jpg	https://media-cdn.tripadvisor.com/media/photo-o/15/4a/8e/fd/massala-koththu.jpg	https://media-cdn.tripadvisor.com/media/photo-o/15/4a/8d/ea/crispy-masala-chicken.jpg	https://dynamic-media-cdn.tripadvisor.com/media/photo-o/1a/b8/63/f2/20200126151356-img-3808.jpg	https://dynamic-media-cdn.tripadvisor.com/media/photo-o/1a/b8/63/f3/img-20200127-134025-largejpg.jpg	https://dynamic-media-cdn.tripadvisor.com/media/photo-o/1a/fe/a2/0a/themparadu.jpg	https://dynamic-media-cdn.tripadvisor.com/media/photo-o/1b/1a/27/d0/20200306-132407-largejpg.jpg	https://dynamic-media-cdn.tripadvisor.com/media/photo-o/1b/1a/27/cf/20200306-131829-largejpg.jpg	https://dynamic-media-cdn.tripadvisor.com/media/photo-o/1a/7b/48/fc/photo0jpg.jpg	https://dynamic-media-cdn.tripadvisor.com/media/photo-o/1a/b0/d0/2a/themparadu.jpg	https://dynamic-media-cdn.tripadvisor.com/media/photo-o/22/98/be/53/themparadu.jpg																																																							$		97	10	#10 of 97 Restaurants in Nuwara Eliya	4.5	17	11	21	53	448	4.654799938	16	masala	16	chicken	6	burger	3	bread	3	seafood	3	fried rice	4	curries	9	cheese kottu	40	sri lanka	11	great atmosphere	3	best place in town	3	horton plains	11	delicious food	3	amazing restaurant	3	nuwara eliya town	24	kotthu	32	dolphins	3	dynamic	10	milkshakes	3	kotu	15	spicy	3	fusion	Sit down		RESTAURANT	https://www.tripadvisor.com/Restaurant_Review-g608524-d14843731-Reviews-Themparadu-Nuwara_Eliya_Central_Province.html	https://www.facebook.com/themparaducafe/"
"Central Province""	80.76682	Breakfast	Lunch	Dinner	Late Night			https://wa.me/p/6734708796615396/94777531231%20?Description:%20Ã %20la%20carte%20Menu	Milano Restaurant	765	Open Now																																		+94 52 2 222763	92	https://media-cdn.tripadvisor.com/media/photo-o/2b/d9/bb/bf/cafe.jpg	https://media-cdn.tripadvisor.com/media/photo-o/05/52/c0/7c/coffee-shop.jpg	https://media-cdn.tripadvisor.com/media/photo-o/2b/d9/bb/c0/restaurant.jpg	https://media-cdn.tripadvisor.com/media/photo-o/2b/d9/bb/be/restaurant.jpg	https://media-cdn.tripadvisor.com/media/photo-o/04/aa/31/0c/milano-restaurant.jpg	https://dynamic-media-cdn.tripadvisor.com/media/photo-o/2c/bd/d2/b3/caption.jpg	https://dynamic-media-cdn.tripadvisor.com/media/photo-o/1b/e0/22/78/photo0jpg.jpg	https://dynamic-media-cdn.tripadvisor.com/media/photo-o/2b/e1/c9/41/caption.jpg	https://dynamic-media-cdn.tripadvisor.com/media/photo-o/1c/dd/c9/62/milano-restaurant.jpg																																																											$$ - $$$		97	64	#64 of 97 Restaurants in Nuwara Eliya	3	134	105	216	219	91	3.037835121																																													Sit down		RESTAURANT	https://www.tripadvisor.com/Restaurant_Review-g608524-d2235332-Reviews-Milano_Restaurant-Nuwara_Eliya_Central_Province.html	http://www.foodlands.lk"
"Central Province""		Lunch	Dinner						Grashia Restaurant	18	Open Now																																		+94 71 581 3956	15	https://media-cdn.tripadvisor.com/media/photo-o/0d/56/45/1e/devilled-chicken.jpg	https://media-cdn.tripadvisor.com/media/photo-o/26/bb/03/03/grashia-restaurant.jpg	https://media-cdn.tripadvisor.com/media/photo-o/26/bb/02/7f/grashia-restaurant.jpg	https://media-cdn.tripadvisor.com/media/photo-o/26/bb/01/62/grashia-restaurant.jpg	https://media-cdn.tripadvisor.com/media/photo-o/26/bb/01/5a/grashia-restaurant.jpg	https://media-cdn.tripadvisor.com/media/photo-o/26/bb/01/59/grashia-restaurant.jpg	https://media-cdn.tripadvisor.com/media/photo-o/26/bb/01/58/grashia-restaurant.jpg	https://media-cdn.tripadvisor.com/media/photo-o/12/27/bc/5f/our-rice.jpg	https://media-cdn.tripadvisor.com/media/photo-o/12/27/bb/fe/the-front-kitchen.jpg	https://media-cdn.tripadvisor.com/media/photo-o/12/27/bb/b1/cheap-menu.jpg	https://media-cdn.tripadvisor.com/media/photo-o/12/27/bb/65/the-restaurant.jpg	https://media-cdn.tripadvisor.com/media/photo-o/11/ec/32/ae/remains-of-the-two-plate.jpg	https://media-cdn.tripadvisor.com/media/photo-o/10/49/50/22/photo1jpg.jpg	https://media-cdn.tripadvisor.com/media/photo-o/10/49/50/21/photo0jpg.jpg	https://media-cdn.tripadvisor.com/media/photo-o/0d/ec/4b/0e/nasi-goreng.jpg	https://dynamic-media-cdn.tripadvisor.com/media/photo-o/26/bb/01/62/grashia-restaurant.jpg	https://dynamic-media-cdn.tripadvisor.com/media/photo-o/26/bb/03/03/grashia-restaurant.jpg	https://dynamic-media-cdn.tripadvisor.com/media/photo-o/26/bb/02/7f/grashia-restaurant.jpg	https://dynamic-media-cdn.tripadvisor.com/media/photo-o/26/bb/01/58/grashia-restaurant.jpg	https://dynamic-media-cdn.tripadvisor.com/media/photo-o/26/bb/01/59/grashia-restaurant.jpg	https://dynamic-media-cdn.tripadvisor.com/media/photo-o/26/bb/01/5a/grashia-restaurant.jpg	https://dynamic-media-cdn.tripadvisor.com/media/photo-o/12/27/bb/b1/cheap-menu.jpg	https://dynamic-media-cdn.tripadvisor.com/media/photo-o/12/27/bb/65/the-restaurant.jpg	https://dynamic-media-cdn.tripadvisor.com/media/photo-o/12/27/bc/5f/our-rice.jpg	https://dynamic-media-cdn.tripadvisor.com/media/photo-o/12/27/bb/fe/the-front-kitchen.jpg	https://dynamic-media-cdn.tripadvisor.com/media/photo-o/11/ec/32/ae/remains-of-the-two-plate.jpg																																										$		97	44	#44 of 97 Restaurants in Nuwara Eliya	4	0	0	6	8	4	3.105430603																																															RESTAURANT	https://www.tripadvisor.com/Restaurant_Review-g608524-d10558870-Reviews-Grashia_Restaurant-Nuwara_Eliya_Central_Province.html"
"Central Province""	80.76721	Breakfast	Lunch	Dinner					Hela Boujun Hala	23																																			+94 77 725 4821	19	https://media-cdn.tripadvisor.com/media/photo-o/15/0d/81/3a/siting-area.jpg	https://media-cdn.tripadvisor.com/media/photo-o/15/0d/81/49/kiosk.jpg	https://media-cdn.tripadvisor.com/media/photo-o/1c/1f/c0/43/patis-price-rs-20.jpg	https://media-cdn.tripadvisor.com/media/photo-o/1a/fe/aa/a9/photo6jpg.jpg	https://media-cdn.tripadvisor.com/media/photo-o/1a/fe/aa/a8/photo5jpg.jpg	https://media-cdn.tripadvisor.com/media/photo-o/1a/fe/aa/a7/photo4jpg.jpg	https://dynamic-media-cdn.tripadvisor.com/media/photo-o/1a/fe/aa/a9/photo6jpg.jpg	https://dynamic-media-cdn.tripadvisor.com/media/photo-o/1a/fe/aa/a8/photo5jpg.jpg	https://dynamic-media-cdn.tripadvisor.com/media/photo-o/1a/fe/aa/a7/photo4jpg.jpg	https://dynamic-media-cdn.tripadvisor.com/media/photo-o/1a/fe/aa/a6/photo3jpg.jpg	https://dynamic-media-cdn.tripadvisor.com/media/photo-o/1a/fe/aa/a5/photo2jpg.jpg	https://dynamic-media-cdn.tripadvisor.com/media/photo-o/1a/fe/aa/a4/photo1jpg.jpg	https://dynamic-media-cdn.tripadvisor.com/media/photo-o/1a/fe/aa/a3/photo0jpg.jpg	https://dynamic-media-cdn.tripadvisor.com/media/photo-o/1c/1f/c0/43/patis-price-rs-20.jpg	https://dynamic-media-cdn.tripadvisor.com/media/photo-o/15/0d/81/66/best-food.jpg	https://dynamic-media-cdn.tripadvisor.com/media/photo-o/15/0d/81/05/best-food.jpg	https://dynamic-media-cdn.tripadvisor.com/media/photo-o/15/0d/81/23/best-food.jpg	https://dynamic-media-cdn.tripadvisor.com/media/photo-o/15/0d/81/51/entrance.jpg	https://dynamic-media-cdn.tripadvisor.com/media/photo-o/15/0d/81/3a/siting-area.jpg	https://dynamic-media-cdn.tripadvisor.com/media/photo-o/15/0d/80/fb/best-food.jpg	https://dynamic-media-cdn.tripadvisor.com/media/photo-o/15/0d/81/58/entrance.jpg	https://dynamic-media-cdn.tripadvisor.com/media/photo-o/15/0d/81/49/kiosk.jpg	https://dynamic-media-cdn.tripadvisor.com/media/photo-o/15/0d/81/19/best-food.jpg																																													$		97	28	#28 of 97 Restaurants in Nuwara Eliya	4.5	0	0	1	9	13	3.274167538																																															RESTAURANT	https://www.tripadvisor.com/Restaurant_Review-g608524-d14033303-Reviews-Hela_Boujun_Hala-Nuwara_Eliya_Central_Province.html"
"Central Province""	80.76689	Lunch	Dinner						The Pub	159																																			+94 52 2 235788	54	https://media-cdn.tripadvisor.com/media/photo-o/1a/10/24/73/the-pub.jpg	https://media-cdn.tripadvisor.com/media/photo-o/1a/10/23/aa/pub.jpg	https://media-cdn.tripadvisor.com/media/photo-o/1a/10/24/59/the-pub.jpg	https://media-cdn.tripadvisor.com/media/photo-o/1a/10/24/24/menu.jpg	https://media-cdn.tripadvisor.com/media/photo-o/1a/10/23/fd/bar.jpg	https://media-cdn.tripadvisor.com/media/photo-o/1a/10/23/d0/bar.jpg	https://media-cdn.tripadvisor.com/media/photo-o/1a/10/23/bb/bar.jpg	https://media-cdn.tripadvisor.com/media/photo-o/1a/10/23/88/lion.jpg	https://media-cdn.tripadvisor.com/media/photo-o/1a/10/23/6b/the-pub.jpg	https://media-cdn.tripadvisor.com/media/photo-o/0a/09/12/b2/photo0jpg.jpg	https://media-cdn.tripadvisor.com/media/photo-o/2a/71/fc/59/caption.jpg	https://media-cdn.tripadvisor.com/media/photo-o/2a/71/fc/58/caption.jpg	https://media-cdn.tripadvisor.com/media/photo-o/22/ad/5b/0f/the-pub.jpg	https://media-cdn.tripadvisor.com/media/photo-o/1b/82/dc/61/full-bar.jpg	https://media-cdn.tripadvisor.com/media/photo-o/1b/82/dc/5f/rustic-ambiance.jpg	https://media-cdn.tripadvisor.com/media/photo-o/1b/82/dc/5e/reggae-rum.jpg	https://media-cdn.tripadvisor.com/media/photo-o/1a/98/70/8a/img-20200113-191809-largejpg.jpg	https://media-cdn.tripadvisor.com/media/photo-o/1a/97/26/3b/ta-img-20200113-185800.jpg	https://media-cdn.tripadvisor.com/media/photo-o/19/5c/7f/c3/the-pub.jpg	https://media-cdn.tripadvisor.com/media/photo-o/19/5c/7f/59/the-pub.jpg	https://media-cdn.tripadvisor.com/media/photo-o/0e/10/09/1f/20170104-194327-largejpg_rotated_90.jpg	https://media-cdn.tripadvisor.com/media/photo-o/0c/13/b4/6e/photo0jpg.jpg	https://dynamic-media-cdn.tripadvisor.com/media/photo-o/1b/82/dc/61/full-bar.jpg	https://dynamic-media-cdn.tripadvisor.com/media/photo-o/1b/82/dc/5f/rustic-ambiance.jpg	https://dynamic-media-cdn.tripadvisor.com/media/photo-o/1b/82/dc/5e/reggae-rum.jpg	https://dynamic-media-cdn.tripadvisor.com/media/photo-o/2a/71/fc/58/caption.jpg	https://dynamic-media-cdn.tripadvisor.com/media/photo-o/2a/71/fc/59/caption.jpg	https://dynamic-media-cdn.tripadvisor.com/media/photo-o/22/ad/5b/0f/the-pub.jpg																																								$$ - $$$		97	51	#51 of 97 Restaurants in Nuwara Eliya	3	22	24	36	50	27	3.075038671	12	fried chicken	2	grab a quick meal	2	nice place to have	5	bite	4	chickpeas																																					RESTAURANT	https://www.tripadvisor.com/Restaurant_Review-g608524-d8614101-Reviews-The_Pub-Nuwara_Eliya_Central_Province.html	http://www.facebook.com/The-Pub-407674586680194/"
"Central Province""	80.77817								Gregory Green Restaurant	10																																			+94 72 292 8600	7	https://media-cdn.tripadvisor.com/media/photo-o/15/e2/64/fd/chicken-and-egg-fried.jpg	https://media-cdn.tripadvisor.com/media/photo-o/13/68/7c/4d/the-resturant.jpg	https://media-cdn.tripadvisor.com/media/photo-o/13/68/85/82/panorama-view-from-the.jpg	https://media-cdn.tripadvisor.com/media/photo-o/15/e2/64/a2/being-served.jpg	https://media-cdn.tripadvisor.com/media/photo-o/13/68/8c/8d/main-road.jpg	https://dynamic-media-cdn.tripadvisor.com/media/photo-o/15/e2/64/a2/being-served.jpg	https://dynamic-media-cdn.tripadvisor.com/media/photo-o/15/e2/64/fd/chicken-and-egg-fried.jpg																																																													$$ - $$$		97	35	#35 of 97 Restaurants in Nuwara Eliya	4.5	0	0	0	3	7	3.160515785	3	lunch	4	gregory lake	2	tasty food	2	varieties	2	vehicle																																					RESTAURANT	https://www.tripadvisor.com/Restaurant_Review-g608524-d13152633-Reviews-Gregory_Green_Restaurant-Nuwara_Eliya_Central_Province.html"
"Central Province""	80.76447	Lunch	Dinner						Grand Dewasiri Seafood Restaurant	41																																			+94 52 2 222454	35	https://media-cdn.tripadvisor.com/media/photo-o/1c/e5/ec/9e/the-interior.jpg	https://media-cdn.tripadvisor.com/media/photo-o/15/d2/be/48/photo0jpg.jpg	https://media-cdn.tripadvisor.com/media/photo-o/2d/0c/f3/ea/caption.jpg	https://media-cdn.tripadvisor.com/media/photo-o/2d/0c/f3/e9/caption.jpg	https://media-cdn.tripadvisor.com/media/photo-o/28/c5/56/69/caption.jpg	https://media-cdn.tripadvisor.com/media/photo-o/1c/e5/ec/a3/another-interior-shot.jpg	https://media-cdn.tripadvisor.com/media/photo-o/1c/e5/ec/9c/an-inviting-and-homely.jpg	https://media-cdn.tripadvisor.com/media/photo-o/1c/e5/ec/99/the-restaurant-s-card.jpg	https://media-cdn.tripadvisor.com/media/photo-o/1c/e5/ec/91/simply-one-of-the-best.jpg	https://media-cdn.tripadvisor.com/media/photo-o/1c/e5/ec/89/colorful-ample-portioned.jpg	https://media-cdn.tripadvisor.com/media/photo-o/1c/e5/ec/86/superbly-done-devilled.jpg	https://media-cdn.tripadvisor.com/media/photo-o/1c/e5/ec/83/awesomely-tasty-chop.jpg	https://media-cdn.tripadvisor.com/media/photo-o/1c/e5/ec/7c/dickson-at-work-preparing.jpg	https://media-cdn.tripadvisor.com/media/photo-o/1c/e5/ec/7a/the-great-host-dickson.jpg	https://media-cdn.tripadvisor.com/media/photo-o/1c/e5/ec/79/with-dickson-in-the-foreground.jpg	https://media-cdn.tripadvisor.com/media/photo-o/1c/e5/ec/71/outside-this-lovely-restaurant.jpg	https://media-cdn.tripadvisor.com/media/photo-o/17/02/ae/6a/grand-dewasiri-seafood.jpg	https://media-cdn.tripadvisor.com/media/photo-o/17/00/2a/91/photo3jpg.jpg	https://media-cdn.tripadvisor.com/media/photo-o/17/00/2a/90/photo2jpg.jpg	https://media-cdn.tripadvisor.com/media/photo-o/17/00/2a/8f/photo1jpg.jpg	https://dynamic-media-cdn.tripadvisor.com/media/photo-o/1c/e5/ec/a3/another-interior-shot.jpg	https://dynamic-media-cdn.tripadvisor.com/media/photo-o/1c/e5/ec/9e/the-interior.jpg	https://dynamic-media-cdn.tripadvisor.com/media/photo-o/1c/e5/ec/9c/an-inviting-and-homely.jpg	https://dynamic-media-cdn.tripadvisor.com/media/photo-o/1c/e5/ec/99/the-restaurant-s-card.jpg	https://dynamic-media-cdn.tripadvisor.com/media/photo-o/1c/e5/ec/91/simply-one-of-the-best.jpg	https://dynamic-media-cdn.tripadvisor.com/media/photo-o/1c/e5/ec/89/colorful-ample-portioned.jpg	https://dynamic-media-cdn.tripadvisor.com/media/photo-o/1c/e5/ec/86/superbly-done-devilled.jpg	https://dynamic-media-cdn.tripadvisor.com/media/photo-o/1c/e5/ec/83/awesomely-tasty-chop.jpg	https://dynamic-media-cdn.tripadvisor.com/media/photo-o/1c/e5/ec/7c/dickson-at-work-preparing.jpg	https://dynamic-media-cdn.tripadvisor.com/media/photo-o/1c/e5/ec/7a/the-great-host-dickson.jpg	https://dynamic-media-cdn.tripadvisor.com/media/photo-o/1c/e5/ec/79/with-dickson-in-the-foreground.jpg	https://dynamic-media-cdn.tripadvisor.com/media/photo-o/1c/e5/ec/71/outside-this-lovely-restaurant.jpg																																				$$ - $$$		97	24	#24 of 97 Restaurants in Nuwara Eliya	4.5	3	1	1	6	30	3.374614																																															RESTAURANT	https://www.tripadvisor.com/Restaurant_Review-g608524-d15617012-Reviews-Grand_Dewasiri_Seafood_Restaurant-Nuwara_Eliya_Central_Province.html	https://www.facebook.com/Grand-Dewasiri-Seafood-Restaurant-345011569401321/"
"Central Province""	80.811424	Breakfast	Lunch	Dinner					Shree Ram Dosa Cafe	5	Open Now																																		+94 52 2 224871	7	https://media-cdn.tripadvisor.com/media/photo-o/1a/ba/63/ac/shree-ram-dosa-cafe.jpg	https://media-cdn.tripadvisor.com/media/photo-o/2d/3e/d6/7c/caption.jpg	https://media-cdn.tripadvisor.com/media/photo-o/2d/3e/d6/7b/caption.jpg	https://media-cdn.tripadvisor.com/media/photo-o/2d/3e/d6/7a/caption.jpg	https://media-cdn.tripadvisor.com/media/photo-o/2d/3e/d6/79/caption.jpg	https://media-cdn.tripadvisor.com/media/photo-o/2d/3e/d6/78/caption.jpg	https://media-cdn.tripadvisor.com/media/photo-o/1a/ba/63/ab/shree-ram-dosa-cafe.jpg	https://dynamic-media-cdn.tripadvisor.com/media/photo-o/2d/3e/d6/78/caption.jpg	https://dynamic-media-cdn.tripadvisor.com/media/photo-o/2d/3e/d6/79/caption.jpg	https://dynamic-media-cdn.tripadvisor.com/media/photo-o/2d/3e/d6/7a/caption.jpg	https://dynamic-media-cdn.tripadvisor.com/media/photo-o/2d/3e/d6/7b/caption.jpg	https://dynamic-media-cdn.tripadvisor.com/media/photo-o/2d/3e/d6/7c/caption.jpg	https://dynamic-media-cdn.tripadvisor.com/media/photo-o/1a/ba/63/ac/shree-ram-dosa-cafe.jpg	https://dynamic-media-cdn.tripadvisor.com/media/photo-o/1a/ba/63/ab/shree-ram-dosa-cafe.jpg																																																								85	45	#45 of 110 places to eat in Nuwara Eliya	5	0	0	0	0	5	3.128292561																																															RESTAURANT	https://www.tripadvisor.com/Restaurant_Review-g608524-d15273140-Reviews-Shree_Ram_Dosa_Cafe-Nuwara_Eliya_Central_Province.html"
"Central Province""	80.77682	Lunch	Dinner						Indian Summer Restaurant	4	Open Now																																		+94 52 2 224511	4	https://media-cdn.tripadvisor.com/media/photo-o/2c/a7/9a/be/caption.jpg	https://media-cdn.tripadvisor.com/media/photo-o/2c/a7/9a/c0/caption.jpg	https://media-cdn.tripadvisor.com/media/photo-o/2c/a7/9a/bf/caption.jpg	https://media-cdn.tripadvisor.com/media/photo-o/2c/a7/9a/bd/caption.jpg	https://dynamic-media-cdn.tripadvisor.com/media/photo-o/2c/a7/9a/bd/caption.jpg	https://dynamic-media-cdn.tripadvisor.com/media/photo-o/2c/a7/9a/be/caption.jpg	https://dynamic-media-cdn.tripadvisor.com/media/photo-o/2c/a7/9a/bf/caption.jpg	https://dynamic-media-cdn.tripadvisor.com/media/photo-o/2c/a7/9a/c0/caption.jpg																																																												$$ - $$$		97	54	#54 of 97 Restaurants in Nuwara Eliya	4	0	0	0	4	0	3.068582773																																															RESTAURANT	https://www.tripadvisor.com/Restaurant_Review-g608524-d27734687-Reviews-Indian_Summer_Restaurant-Nuwara_Eliya_Central_Province.html"
"Central Province""	80.76673	Breakfast	Lunch	Dinner					Remarko	104																																			+94 52 2 235490	36	https://media-cdn.tripadvisor.com/media/photo-o/17/65/77/df/dolci.jpg	https://media-cdn.tripadvisor.com/media/photo-o/06/95/ef/ba/from-outside-place-is.jpg	https://media-cdn.tripadvisor.com/media/photo-o/2c/d1/0a/c8/caption.jpg	https://media-cdn.tripadvisor.com/media/photo-o/2c/d1/0a/c7/caption.jpg	https://media-cdn.tripadvisor.com/media/photo-o/2c/b1/03/fc/caption.jpg	https://media-cdn.tripadvisor.com/media/photo-o/2c/b1/03/fb/caption.jpg	https://media-cdn.tripadvisor.com/media/photo-o/2c/b1/03/fa/caption.jpg	https://media-cdn.tripadvisor.com/media/photo-o/2c/b1/03/f9/caption.jpg	https://media-cdn.tripadvisor.com/media/photo-o/2c/b1/03/f8/caption.jpg	https://media-cdn.tripadvisor.com/media/photo-o/28/b8/1d/62/caption.jpg	https://media-cdn.tripadvisor.com/media/photo-o/28/21/4e/9e/remarko.jpg	https://media-cdn.tripadvisor.com/media/photo-o/28/21/4e/9d/remarko.jpg	https://media-cdn.tripadvisor.com/media/photo-o/28/21/4d/af/remarko.jpg	https://media-cdn.tripadvisor.com/media/photo-o/22/64/bf/f1/highly-recommended-remarko.jpg	https://media-cdn.tripadvisor.com/media/photo-o/1c/1f/c4/bf/sandwich-bread.jpg	https://media-cdn.tripadvisor.com/media/photo-o/1a/bf/be/c5/a-meal-or-a-snack-take.jpg	https://media-cdn.tripadvisor.com/media/photo-o/1a/9b/87/6a/remarko.jpg	https://media-cdn.tripadvisor.com/media/photo-o/17/65/77/d8/pasticceria.jpg	https://media-cdn.tripadvisor.com/media/photo-o/17/65/77/cd/noodles-con-pesce.jpg	https://media-cdn.tripadvisor.com/media/photo-o/17/65/77/c3/noodles-con-verdure.jpg	https://media-cdn.tripadvisor.com/media/photo-o/16/ec/90/62/photo7jpg.jpg	https://media-cdn.tripadvisor.com/media/photo-o/16/ec/90/59/photo1jpg.jpg	https://media-cdn.tripadvisor.com/media/photo-o/17/65/77/be/menu.jpg	https://dynamic-media-cdn.tripadvisor.com/media/photo-o/1a/bf/be/c5/a-meal-or-a-snack-take.jpg	https://dynamic-media-cdn.tripadvisor.com/media/photo-o/2c/d1/0a/c7/caption.jpg	https://dynamic-media-cdn.tripadvisor.com/media/photo-o/2c/d1/0a/c8/caption.jpg	https://dynamic-media-cdn.tripadvisor.com/media/photo-o/1c/1f/c4/bf/sandwich-bread.jpg	https://dynamic-media-cdn.tripadvisor.com/media/photo-o/1a/9b/87/6a/remarko.jpg	https://dynamic-media-cdn.tripadvisor.com/media/photo-o/2c/b1/03/f8/caption.jpg	https://dynamic-media-cdn.tripadvisor.com/media/photo-o/2c/b1/03/f9/caption.jpg	https://dynamic-media-cdn.tripadvisor.com/media/photo-o/2c/b1/03/fa/caption.jpg	https://dynamic-media-cdn.tripadvisor.com/media/photo-o/2c/b1/03/fb/caption.jpg	https://dynamic-media-cdn.tripadvisor.com/media/photo-o/2c/b1/03/fc/caption.jpg	https://dynamic-media-cdn.tripadvisor.com/media/photo-o/28/b8/1d/62/caption.jpg																																		$		85	36	#36 of 110 places to eat in Nuwara Eliya	3.5	25	6	18	26	29	3.185162544	5	rice	2	good food and good service	3	local food	2	staf	6	foods	3	mr	2	hotel																																	RESTAURANT	https://www.tripadvisor.com/Restaurant_Review-g608524-d6102629-Reviews-Remarko-Nuwara_Eliya_Central_Province.html	http://www.hotel-midland.com/fr/restaurant-le-derby-s.html"
"Central Province""		Lunch	Dinner						Dushan's Home Kitchen	28																																			+94 71 318 3699	23	https://media-cdn.tripadvisor.com/media/photo-o/22/ff/b3/13/caption.jpg	https://media-cdn.tripadvisor.com/media/photo-o/2d/cb/cf/90/caption.jpg	https://media-cdn.tripadvisor.com/media/photo-o/2d/cb/cf/8f/caption.jpg	https://media-cdn.tripadvisor.com/media/photo-o/2d/5d/0a/cb/caption.jpg	https://media-cdn.tripadvisor.com/media/photo-o/2d/5c/12/d1/caption.jpg	https://media-cdn.tripadvisor.com/media/photo-o/2d/5c/12/d0/caption.jpg	https://media-cdn.tripadvisor.com/media/photo-o/2d/5c/12/cf/caption.jpg	https://media-cdn.tripadvisor.com/media/photo-o/2d/49/e8/c7/caption.jpg	https://media-cdn.tripadvisor.com/media/photo-o/2c/da/d3/3b/caption.jpg	https://media-cdn.tripadvisor.com/media/photo-o/2c/79/17/4a/caption.jpg	https://media-cdn.tripadvisor.com/media/photo-o/2c/05/41/85/caption.jpg	https://media-cdn.tripadvisor.com/media/photo-o/2b/7e/0c/b5/caption.jpg	https://media-cdn.tripadvisor.com/media/photo-o/2b/7e/0c/b4/caption.jpg	https://media-cdn.tripadvisor.com/media/photo-o/2b/7e/0c/b3/caption.jpg	https://media-cdn.tripadvisor.com/media/photo-o/2a/4e/3f/13/caption.jpg	https://media-cdn.tripadvisor.com/media/photo-o/2a/4e/3f/12/caption.jpg	https://media-cdn.tripadvisor.com/media/photo-o/2a/4e/3f/11/caption.jpg	https://media-cdn.tripadvisor.com/media/photo-o/29/dd/c0/03/caption.jpg	https://media-cdn.tripadvisor.com/media/photo-o/27/84/10/ad/caption.jpg	https://media-cdn.tripadvisor.com/media/photo-o/22/0a/7d/76/really-delicious-local.jpg	https://dynamic-media-cdn.tripadvisor.com/media/photo-o/22/ff/b3/13/caption.jpg	https://dynamic-media-cdn.tripadvisor.com/media/photo-o/27/84/10/ad/caption.jpg	https://dynamic-media-cdn.tripadvisor.com/media/photo-o/2d/49/e8/c7/caption.jpg	https://dynamic-media-cdn.tripadvisor.com/media/photo-o/2a/4e/3f/11/caption.jpg	https://dynamic-media-cdn.tripadvisor.com/media/photo-o/2a/4e/3f/12/caption.jpg	https://dynamic-media-cdn.tripadvisor.com/media/photo-o/2a/4e/3f/13/caption.jpg	https://dynamic-media-cdn.tripadvisor.com/media/photo-o/2d/cb/cf/8f/caption.jpg	https://dynamic-media-cdn.tripadvisor.com/media/photo-o/2d/cb/cf/90/caption.jpg	https://dynamic-media-cdn.tripadvisor.com/media/photo-o/2d/5d/0a/cb/caption.jpg	https://dynamic-media-cdn.tripadvisor.com/media/photo-o/2c/da/d3/3b/caption.jpg	https://dynamic-media-cdn.tripadvisor.com/media/photo-o/2c/05/41/85/caption.jpg																																					$		97	18	#18 of 97 Restaurants in Nuwara Eliya	5	0	0	1	4	23	3.609256268	2	worth the wait	2	great food																																											RESTAURANT	https://www.tripadvisor.com/Restaurant_Review-g608524-d20291937-Reviews-Dushan_s_Home_Kitchen-Nuwara_Eliya_Central_Province.html"
"Central Province""	80.76659	Lunch	Dinner					https://wa.me/p/6027265713986123/94522222000	Queenswood Restaurant	256	Open Now																																		+94 52 2 222000	161	https://media-cdn.tripadvisor.com/media/photo-o/2a/a9/9e/7d/queens-wood-restaurant.jpg	https://media-cdn.tripadvisor.com/media/photo-o/12/25/eb/51/queenswood-restaurant.jpg	https://media-cdn.tripadvisor.com/media/photo-o/0f/12/4c/9d/queenswood-restaurant.jpg	https://media-cdn.tripadvisor.com/media/photo-o/11/90/ac/34/bbq-hut.jpg	https://media-cdn.tripadvisor.com/media/photo-o/07/2f/ac/45/queenswood-resturant.jpg	https://dynamic-media-cdn.tripadvisor.com/media/photo-o/2c/91/96/80/caption.jpg	https://dynamic-media-cdn.tripadvisor.com/media/photo-o/2c/91/96/81/caption.jpg	https://dynamic-media-cdn.tripadvisor.com/media/photo-o/2c/91/96/82/caption.jpg	https://dynamic-media-cdn.tripadvisor.com/media/photo-o/2c/91/96/83/caption.jpg	https://dynamic-media-cdn.tripadvisor.com/media/photo-o/2c/91/96/84/caption.jpg	https://dynamic-media-cdn.tripadvisor.com/media/photo-o/2c/91/96/85/caption.jpg	https://dynamic-media-cdn.tripadvisor.com/media/photo-o/2c/91/96/86/caption.jpg	https://dynamic-media-cdn.tripadvisor.com/media/photo-o/2c/91/96/87/caption.jpg	https://dynamic-media-cdn.tripadvisor.com/media/photo-o/2c/91/96/88/caption.jpg	https://dynamic-media-cdn.tripadvisor.com/media/photo-o/2c/91/96/89/caption.jpg	https://dynamic-media-cdn.tripadvisor.com/media/photo-o/2c/91/96/8a/caption.jpg	https://dynamic-media-cdn.tripadvisor.com/media/photo-o/28/38/71/6d/queenswood-restaurant.jpg	https://dynamic-media-cdn.tripadvisor.com/media/photo-o/26/74/c0/96/caption.jpg	https://dynamic-media-cdn.tripadvisor.com/media/photo-o/2b/73/12/34/caption.jpg	https://dynamic-media-cdn.tripadvisor.com/media/photo-o/28/b9/e5/22/caption.jpg	https://dynamic-media-cdn.tripadvisor.com/media/photo-o/28/b9/e5/24/caption.jpg	https://dynamic-media-cdn.tripadvisor.com/media/photo-o/28/b9/e5/20/caption.jpg	https://dynamic-media-cdn.tripadvisor.com/media/photo-o/28/b9/e5/1f/caption.jpg	https://dynamic-media-cdn.tripadvisor.com/media/photo-o/28/b9/e5/21/caption.jpg	https://dynamic-media-cdn.tripadvisor.com/media/photo-o/28/b9/e5/23/caption.jpg	https://dynamic-media-cdn.tripadvisor.com/media/photo-o/29/c3/65/e6/caption.jpg	https://dynamic-media-cdn.tripadvisor.com/media/photo-o/2b/5c/fd/12/caption.jpg																																									$$ - $$$		85	21	#21 of 110 places to eat in Nuwara Eliya	4	25	23	32	71	105	3.479139328	25	pizza	2	halal restaurant	3	cozy restaurant	2	enjoyed our meal																																					Sit down		RESTAURANT	https://www.tripadvisor.com/Restaurant_Review-g608524-d6778591-Reviews-Queenswood_Restaurant-Nuwara_Eliya_Central_Province.html	http://queenswoodcottage.com"
"Central Province""	80.76336								Dine-way	3																																			+94 77 144 3674	0																																																																						97	74	#74 of 97 Restaurants in Nuwara Eliya	3	1	0	0	2	0	3.000241756																																															RESTAURANT	https://www.tripadvisor.com/Restaurant_Review-g608524-d13087240-Reviews-Dine_way-Nuwara_Eliya_Central_Province.html	http://www.facebook.com/dinewaynwrly/"
"Central Province""	80.76692	Breakfast	Lunch	Dinner					Sri Ambaal	258																																				91	https://media-cdn.tripadvisor.com/media/photo-o/0a/5a/a4/a1/photo0jpg.jpg	https://media-cdn.tripadvisor.com/media/photo-o/05/f3/48/7f/signage.jpg	https://media-cdn.tripadvisor.com/media/photo-o/2c/d2/d2/b9/caption.jpg	https://media-cdn.tripadvisor.com/media/photo-o/2c/d2/d2/b8/caption.jpg	https://media-cdn.tripadvisor.com/media/photo-o/2c/d2/d2/b7/caption.jpg	https://dynamic-media-cdn.tripadvisor.com/media/photo-o/29/65/ae/73/caption.jpg	https://dynamic-media-cdn.tripadvisor.com/media/photo-o/29/65/ae/72/caption.jpg	https://dynamic-media-cdn.tripadvisor.com/media/photo-o/29/65/ae/71/caption.jpg	https://dynamic-media-cdn.tripadvisor.com/media/photo-o/2c/d2/d2/b7/caption.jpg	https://dynamic-media-cdn.tripadvisor.com/media/photo-o/2c/d2/d2/b8/caption.jpg	https://dynamic-media-cdn.tripadvisor.com/media/photo-o/2c/d2/d2/b9/caption.jpg	https://dynamic-media-cdn.tripadvisor.com/media/photo-o/22/72/47/df/caption.jpg	https://dynamic-media-cdn.tripadvisor.com/media/photo-o/22/72/47/de/caption.jpg																																																							$		97	14	#14 of 97 Restaurants in Nuwara Eliya	4	9	8	36	97	108	3.784325361	20	masala dosa	9	string hoppers	13	curries	2	indian sweets	11	south indian food	8	vegetarian restaurant	2	local place	7	delicious food	2	visit this place	15	spicy	2	tastier	2	condition	2	craving																			Sit down		RESTAURANT	https://www.tripadvisor.com/Restaurant_Review-g608524-d3952796-Reviews-Sri_Ambaal-Nuwara_Eliya_Central_Province.html"
"Central Province""	80.76494	Breakfast	Lunch	Dinner	Brunch	Late Night	Drinks		Magnolia (All Day Dining)	491	Open Now																																		+94 52 2 222881	286	https://media-cdn.tripadvisor.com/media/photo-o/18/f3/ad/90/magnolia.jpg	https://media-cdn.tripadvisor.com/media/photo-o/18/f3/ae/0b/magnolia.jpg	https://media-cdn.tripadvisor.com/media/photo-o/11/ad/e9/28/photo4jpg.jpg	https://media-cdn.tripadvisor.com/media/photo-o/07/a7/68/80/magnolia-coffee-shop.jpg	https://media-cdn.tripadvisor.com/media/photo-o/2c/fe/36/8b/caption.jpg	https://media-cdn.tripadvisor.com/media/photo-o/2c/de/7f/0d/caption.jpg	https://media-cdn.tripadvisor.com/media/photo-o/2c/de/7f/0c/caption.jpg	https://media-cdn.tripadvisor.com/media/photo-o/2c/de/7f/0b/caption.jpg	https://media-cdn.tripadvisor.com/media/photo-o/2c/d6/bb/c0/caption.jpg	https://media-cdn.tripadvisor.com/media/photo-o/2c/c9/a8/0d/caption.jpg	https://media-cdn.tripadvisor.com/media/photo-o/2c/c9/a8/0c/caption.jpg	https://media-cdn.tripadvisor.com/media/photo-o/2c/c9/a8/0b/caption.jpg	https://media-cdn.tripadvisor.com/media/photo-o/2c/8f/d4/24/caption.jpg	https://media-cdn.tripadvisor.com/media/photo-o/2b/f4/1e/30/caption.jpg	https://media-cdn.tripadvisor.com/media/photo-o/2b/ee/c8/ea/caption.jpg	https://media-cdn.tripadvisor.com/media/photo-o/2b/ee/c8/e9/caption.jpg	https://media-cdn.tripadvisor.com/media/photo-o/2b/d9/7a/b5/caption.jpg	https://media-cdn.tripadvisor.com/media/photo-o/2b/d9/7a/b4/caption.jpg	https://media-cdn.tripadvisor.com/media/photo-o/2b/d9/7a/b3/caption.jpg	https://media-cdn.tripadvisor.com/media/photo-o/2b/d9/7a/b2/caption.jpg	https://media-cdn.tripadvisor.com/media/photo-o/07/cc/44/d8/carrot-cake.jpg	https://media-cdn.tripadvisor.com/media/photo-o/0a/01/82/02/dsc-1240-largejpg.jpg	https://dynamic-media-cdn.tripadvisor.com/media/photo-o/21/e8/7d/3f/magnolia-all-day-dining.jpg	https://dynamic-media-cdn.tripadvisor.com/media/photo-o/21/e8/7d/3c/magnolia-all-day-dining.jpg	https://dynamic-media-cdn.tripadvisor.com/media/photo-o/21/e8/7d/3a/magnolia-all-day-dining.jpg	https://dynamic-media-cdn.tripadvisor.com/media/photo-o/21/e8/7d/58/magnolia-all-day-dining.jpg	https://dynamic-media-cdn.tripadvisor.com/media/photo-o/1b/a5/c5/45/magnolia-all-day-dining.jpg	https://dynamic-media-cdn.tripadvisor.com/media/photo-o/21/f9/10/9a/magnolia-all-day-dining.jpg	https://dynamic-media-cdn.tripadvisor.com/media/photo-o/21/f9/10/9b/magnolia-all-day-dining.jpg	https://dynamic-media-cdn.tripadvisor.com/media/photo-o/22/80/d1/29/caption.jpg	https://dynamic-media-cdn.tripadvisor.com/media/photo-o/22/80/d1/28/caption.jpg																																					$$ - $$$		97	7	#7 of 97 Restaurants in Nuwara Eliya	4.5	13	11	27	73	367	4.822155952	5	rack of lamb	3	mushroom soup	3	tempura	10	burger	3	fries	3	cake	62	grand hotel	3	high quality food	3	wonderful meal	14	high tea	11	delicious food	3	superb service	3	great hospitality	11	sri lanka	22	mr	3	prem	4	lovable	8	waiters	4	teas							Sit down		RESTAURANT	https://www.tripadvisor.com/Restaurant_Review-g608524-d3847440-Reviews-Magnolia_All_Day_Dining-Nuwara_Eliya_Central_Province.html	http://thegrandhotelnuwaraeliya.com"
"Central Province""	80.764885	Breakfast	Lunch	Dinner	Brunch	Late Night	Drinks		Barnes Hall	463																																			+94 52 2 222881	347	https://media-cdn.tripadvisor.com/media/photo-o/18/e2/0b/41/barnes-hall.jpg	https://media-cdn.tripadvisor.com/media/photo-o/18/e2/0b/d7/barnes-hall.jpg	https://media-cdn.tripadvisor.com/media/photo-o/18/e2/11/da/barnes-hall.jpg	https://media-cdn.tripadvisor.com/media/photo-o/18/e2/11/9c/barnes-hall.jpg	https://media-cdn.tripadvisor.com/media/photo-o/18/e2/11/2f/barnes-hall.jpg	https://media-cdn.tripadvisor.com/media/photo-o/18/e2/10/98/barnes-hall.jpg	https://media-cdn.tripadvisor.com/media/photo-o/18/e2/10/51/barnes-hall.jpg	https://media-cdn.tripadvisor.com/media/photo-o/18/e2/0f/e2/barnes-hall.jpg	https://media-cdn.tripadvisor.com/media/photo-o/18/e2/0f/97/barnes-hall.jpg	https://media-cdn.tripadvisor.com/media/photo-o/18/e2/0f/02/barnes-hall.jpg	https://media-cdn.tripadvisor.com/media/photo-o/18/e2/0e/e1/barnes-hall.jpg	https://media-cdn.tripadvisor.com/media/photo-o/18/e2/0e/af/barnes-hall.jpg	https://media-cdn.tripadvisor.com/media/photo-o/18/e2/0e/8c/barnes-hall.jpg	https://media-cdn.tripadvisor.com/media/photo-o/18/e2/0e/5f/barnes-hall.jpg	https://media-cdn.tripadvisor.com/media/photo-o/18/e2/0e/1c/barnes-hall.jpg	https://media-cdn.tripadvisor.com/media/photo-o/18/e2/0d/ee/barnes-hall.jpg	https://media-cdn.tripadvisor.com/media/photo-o/18/e2/0d/ae/barnes-hall.jpg	https://media-cdn.tripadvisor.com/media/photo-o/18/e2/0d/7b/barnes-hall.jpg	https://media-cdn.tripadvisor.com/media/photo-o/18/e2/0d/4e/barnes-hall.jpg	https://media-cdn.tripadvisor.com/media/photo-o/18/e2/0d/19/barnes-hall.jpg	https://media-cdn.tripadvisor.com/media/photo-o/08/15/8c/65/barnes-hall.jpg	https://media-cdn.tripadvisor.com/media/photo-o/08/78/d9/75/photo0jpg.jpg	https://media-cdn.tripadvisor.com/media/photo-o/16/52/83/fa/dinner-and-wine-buffets.jpg	https://dynamic-media-cdn.tripadvisor.com/media/photo-o/1a/a9/ba/eb/photo0jpg.jpg	https://dynamic-media-cdn.tripadvisor.com/media/photo-o/22/7b/98/77/caption.jpg	https://dynamic-media-cdn.tripadvisor.com/media/photo-o/27/15/d5/59/caption.jpg	https://dynamic-media-cdn.tripadvisor.com/media/photo-o/27/15/d5/5a/caption.jpg	https://dynamic-media-cdn.tripadvisor.com/media/photo-o/27/15/d5/5b/caption.jpg	https://dynamic-media-cdn.tripadvisor.com/media/photo-o/27/15/d5/5c/caption.jpg	https://dynamic-media-cdn.tripadvisor.com/media/photo-o/27/15/d5/5d/caption.jpg	https://dynamic-media-cdn.tripadvisor.com/media/photo-o/27/15/d5/5e/caption.jpg	https://dynamic-media-cdn.tripadvisor.com/media/photo-o/27/15/d5/5f/caption.jpg	https://dynamic-media-cdn.tripadvisor.com/media/photo-o/27/15/d5/60/caption.jpg	https://dynamic-media-cdn.tripadvisor.com/media/photo-o/27/15/d5/61/caption.jpg	https://dynamic-media-cdn.tripadvisor.com/media/photo-o/27/15/d5/62/caption.jpg	https://dynamic-media-cdn.tripadvisor.com/media/photo-o/27/15/d5/64/caption.jpg																																$$$$		97	5	#5 of 97 Restaurants in Nuwara Eliya	5	2	3	7	31	420	4.834000587	75	grand hotel	6	buffet breakfast	16	special thanks	25	sri lanka	5	f b	4	warm hospitality	5	main restaurant	5	restaurant staff	6	thank you very much	6	dining experience	4	beautiful garden	6	great hospitality	4	special mention	4	superb service	10	delicious food	23	kumara	28	mr	9	bandara	5	varieties	7	nuwara					Sit down		RESTAURANT	https://www.tripadvisor.com/Restaurant_Review-g608524-d7806480-Reviews-Barnes_Hall-Nuwara_Eliya_Central_Province.html	http://thegrandhotelnuwaraeliya.com"
"Central Province""	80.764305	Breakfast	Lunch	Dinner	Brunch				KMC Restaurant Nuwara Eliya	4	Open Now																																		+94 76 745 9824	5	https://media-cdn.tripadvisor.com/media/photo-o/28/bf/18/b6/caption.jpg	https://media-cdn.tripadvisor.com/media/photo-o/28/bf/18/b9/caption.jpg	https://media-cdn.tripadvisor.com/media/photo-o/28/bf/18/b8/caption.jpg	https://media-cdn.tripadvisor.com/media/photo-o/28/bf/18/b7/caption.jpg	https://media-cdn.tripadvisor.com/media/photo-o/28/bf/18/b5/caption.jpg	https://dynamic-media-cdn.tripadvisor.com/media/photo-o/28/bf/18/b8/caption.jpg	https://dynamic-media-cdn.tripadvisor.com/media/photo-o/28/bf/18/b7/caption.jpg	https://dynamic-media-cdn.tripadvisor.com/media/photo-o/28/bf/18/b6/caption.jpg	https://dynamic-media-cdn.tripadvisor.com/media/photo-o/28/bf/18/b5/caption.jpg	https://dynamic-media-cdn.tripadvisor.com/media/photo-o/28/bf/18/b9/caption.jpg																																																										$		97	41	#41 of 97 Restaurants in Nuwara Eliya	5	0	0	0	1	3	3.124938965																																															RESTAURANT	https://www.tripadvisor.com/Restaurant_Review-g608524-d25403524-Reviews-KMC_Restaurant_Nuwara_Eliya-Nuwara_Eliya_Central_Province.html	https://kmc-restaurant-nuwara-eliya.business.site/"
"Central Province""	80.77817								Collingwood Hotel Restaurant	84																																			+94 52 2 223550	21	https://media-cdn.tripadvisor.com/media/photo-o/1a/29/d4/78/img-20191129-wa0094-largejpg.jpg	https://media-cdn.tripadvisor.com/media/photo-o/06/6c/70/5b/collinwood-hotel-ein.jpg	https://media-cdn.tripadvisor.com/media/photo-o/2b/80/9c/3e/caption.jpg	https://media-cdn.tripadvisor.com/media/photo-o/26/a4/d2/14/collingwood-hotel-restaurant.jpg	https://media-cdn.tripadvisor.com/media/photo-o/26/a4/d2/13/collingwood-hotel-restaurant.jpg	https://media-cdn.tripadvisor.com/media/photo-o/21/76/44/b7/caption.jpg	https://media-cdn.tripadvisor.com/media/photo-o/1a/29/d4/79/img-20191129-wa0101-largejpg.jpg	https://media-cdn.tripadvisor.com/media/photo-o/1a/29/d4/77/img-20191129-wa0093-largejpg.jpg	https://media-cdn.tripadvisor.com/media/photo-o/1a/29/d4/76/img-20191129-wa0095-largejpg.jpg	https://media-cdn.tripadvisor.com/media/photo-o/1a/29/d4/75/img-20191129-wa0100-largejpg.jpg	https://media-cdn.tripadvisor.com/media/photo-o/16/a4/66/11/collingwood-hotel.jpg	https://media-cdn.tripadvisor.com/media/photo-o/16/6d/6c/7a/fb-img-1535800145116.jpg	https://media-cdn.tripadvisor.com/media/photo-o/16/34/4a/17/20181010-174244-largejpg.jpg	https://media-cdn.tripadvisor.com/media/photo-o/16/34/4a/16/20181010-174203-largejpg.jpg	https://media-cdn.tripadvisor.com/media/photo-o/16/34/4a/15/20190104-193037-largejpg.jpg	https://media-cdn.tripadvisor.com/media/photo-o/16/34/4a/14/20181228-190717-largejpg.jpg	https://media-cdn.tripadvisor.com/media/photo-o/16/34/4a/13/20181229-194552-largejpg.jpg	https://media-cdn.tripadvisor.com/media/photo-o/10/a8/9b/9d/photo0jpg.jpg	https://media-cdn.tripadvisor.com/media/photo-o/10/61/14/59/collingwood-hotel-restaurant.jpg	https://media-cdn.tripadvisor.com/media/daodao/photo-o/0f/13/13/da/img-20170403-124841r.jpg	https://dynamic-media-cdn.tripadvisor.com/media/photo-o/26/a4/d2/13/collingwood-hotel-restaurant.jpg	https://dynamic-media-cdn.tripadvisor.com/media/photo-o/26/a4/d2/14/collingwood-hotel-restaurant.jpg	https://dynamic-media-cdn.tripadvisor.com/media/photo-o/2b/80/9c/3e/caption.jpg	https://dynamic-media-cdn.tripadvisor.com/media/photo-o/1a/29/d4/75/img-20191129-wa0100-largejpg.jpg	https://dynamic-media-cdn.tripadvisor.com/media/photo-o/1a/29/d4/76/img-20191129-wa0095-largejpg.jpg	https://dynamic-media-cdn.tripadvisor.com/media/photo-o/1a/29/d4/77/img-20191129-wa0093-largejpg.jpg	https://dynamic-media-cdn.tripadvisor.com/media/photo-o/1a/29/d4/78/img-20191129-wa0094-largejpg.jpg	https://dynamic-media-cdn.tripadvisor.com/media/photo-o/1a/29/d4/79/img-20191129-wa0101-largejpg.jpg	https://dynamic-media-cdn.tripadvisor.com/media/photo-o/16/a4/66/11/collingwood-hotel.jpg	https://dynamic-media-cdn.tripadvisor.com/media/photo-o/16/34/4a/17/20181010-174244-largejpg.jpg	https://dynamic-media-cdn.tripadvisor.com/media/photo-o/16/34/4a/16/20181010-174203-largejpg.jpg	https://dynamic-media-cdn.tripadvisor.com/media/photo-o/16/34/4a/15/20190104-193037-largejpg.jpg	https://dynamic-media-cdn.tripadvisor.com/media/photo-o/16/34/4a/14/20181228-190717-largejpg.jpg	https://dynamic-media-cdn.tripadvisor.com/media/photo-o/16/34/4a/13/20181229-194552-largejpg.jpg																																		$$ - $$$		97	79	#79 of 97 Restaurants in Nuwara Eliya	2	41	12	13	9	9	2.291807652																																															RESTAURANT	https://www.tripadvisor.com/Restaurant_Review-g608524-d3253692-Reviews-Collingwood_Hotel_Restaurant-Nuwara_Eliya_Central_Province.html"
"Central Province""	80.7662	Breakfast	Lunch	Dinner					Glen Fall Restaurant	3	Closed Now																																		+94 52 2 224150	0																																																																						97	56	#56 of 97 Restaurants in Nuwara Eliya	4.5	0	0	1	0	2	3.045332193																																															RESTAURANT	https://www.tripadvisor.com/Restaurant_Review-g608524-d19389897-Reviews-Glen_Fall_Restaurant-Nuwara_Eliya_Central_Province.html	http://www.araliyagreenhills.com/wine-and-dine/glen-fall-restaurant-nuwara-eliya/"
"Central Province""	80.77777	Lunch	Dinner						Calamander Lake Gregory	114																																			+94 52 2 234967	90	https://media-cdn.tripadvisor.com/media/photo-o/16/b9/79/1f/photo5jpg.jpg	https://media-cdn.tripadvisor.com/media/photo-o/06/d4/a6/2a/getlstd-property-photo.jpg	https://media-cdn.tripadvisor.com/media/photo-o/06/d4/a5/03/getlstd-property-photo.jpg	https://media-cdn.tripadvisor.com/media/photo-o/17/46/5c/c5/20190424-125704-largejpg.jpg	https://media-cdn.tripadvisor.com/media/photo-o/16/e3/b2/3d/lovely-view.jpg	https://media-cdn.tripadvisor.com/media/photo-o/16/e3/b2/3c/lovely-view.jpg	https://media-cdn.tripadvisor.com/media/photo-o/16/e3/b2/3b/lovely-view.jpg	https://media-cdn.tripadvisor.com/media/photo-o/16/e3/b2/3a/lovely-view.jpg	https://media-cdn.tripadvisor.com/media/photo-o/16/e3/b2/39/lovely-view.jpg	https://media-cdn.tripadvisor.com/media/photo-o/16/b9/79/20/photo6jpg.jpg	https://media-cdn.tripadvisor.com/media/photo-o/16/b9/79/1e/photo4jpg.jpg	https://media-cdn.tripadvisor.com/media/photo-o/16/b9/79/1d/photo3jpg.jpg	https://media-cdn.tripadvisor.com/media/photo-o/16/b9/79/1c/photo2jpg.jpg	https://media-cdn.tripadvisor.com/media/photo-o/16/b9/79/1b/photo1jpg.jpg	https://media-cdn.tripadvisor.com/media/photo-o/16/b9/79/1a/photo0jpg.jpg	https://media-cdn.tripadvisor.com/media/photo-o/16/19/fb/d4/photo0jpg.jpg	https://media-cdn.tripadvisor.com/media/photo-o/15/30/52/4d/img-20181029-124007-largejpg.jpg	https://media-cdn.tripadvisor.com/media/photo-o/15/30/52/4c/img-20181029-125342-largejpg.jpg	https://media-cdn.tripadvisor.com/media/photo-o/15/13/6e/3b/photo1jpg.jpg	https://media-cdn.tripadvisor.com/media/photo-o/15/13/6e/3a/photo0jpg.jpg	https://media-cdn.tripadvisor.com/media/photo-o/08/72/05/15/calamander-lake-gregory.jpg	https://media-cdn.tripadvisor.com/media/photo-o/08/35/88/9c/calamander-lake-gregory.jpg	https://media-cdn.tripadvisor.com/media/photo-o/08/72/04/ea/calamander-lake-gregory.jpg	https://dynamic-media-cdn.tripadvisor.com/media/photo-o/16/e3/b2/3d/lovely-view.jpg	https://dynamic-media-cdn.tripadvisor.com/media/photo-o/16/e3/b2/3c/lovely-view.jpg	https://dynamic-media-cdn.tripadvisor.com/media/photo-o/16/e3/b2/3b/lovely-view.jpg	https://dynamic-media-cdn.tripadvisor.com/media/photo-o/16/e3/b2/3a/lovely-view.jpg	https://dynamic-media-cdn.tripadvisor.com/media/photo-o/16/e3/b2/39/lovely-view.jpg	https://dynamic-media-cdn.tripadvisor.com/media/photo-o/16/b9/79/20/photo6jpg.jpg	https://dynamic-media-cdn.tripadvisor.com/media/photo-o/16/b9/79/1f/photo5jpg.jpg	https://dynamic-media-cdn.tripadvisor.com/media/photo-o/16/b9/79/1e/photo4jpg.jpg	https://dynamic-media-cdn.tripadvisor.com/media/photo-o/16/b9/79/1d/photo3jpg.jpg	https://dynamic-media-cdn.tripadvisor.com/media/photo-o/16/b9/79/1c/photo2jpg.jpg	https://dynamic-media-cdn.tripadvisor.com/media/photo-o/16/b9/79/1b/photo1jpg.jpg	https://dynamic-media-cdn.tripadvisor.com/media/photo-o/16/b9/79/1a/photo0jpg.jpg	https://dynamic-media-cdn.tripadvisor.com/media/photo-o/16/19/fb/d4/photo0jpg.jpg	https://dynamic-media-cdn.tripadvisor.com/media/photo-o/15/30/52/4d/img-20181029-124007-largejpg.jpg	https://dynamic-media-cdn.tripadvisor.com/media/photo-o/15/30/52/4c/img-20181029-125342-largejpg.jpg	https://dynamic-media-cdn.tripadvisor.com/media/photo-o/15/13/6e/3a/photo0jpg.jpg	https://dynamic-media-cdn.tripadvisor.com/media/photo-o/15/13/6e/3b/photo1jpg.jpg	https://dynamic-media-cdn.tripadvisor.com/media/photo-o/15/0f/92/f6/food.jpg	https://dynamic-media-cdn.tripadvisor.com/media/photo-o/15/0f/93/17/food.jpg	https://dynamic-media-cdn.tripadvisor.com/media/photo-o/15/0f/92/95/shisha.jpg	https://dynamic-media-cdn.tripadvisor.com/media/photo-o/15/0f/92/d2/outdoor.jpg	https://dynamic-media-cdn.tripadvisor.com/media/photo-o/15/0f/93/33/food.jpg	https://dynamic-media-cdn.tripadvisor.com/media/photo-o/15/0f/92/b1/indoor-area.jpg	https://dynamic-media-cdn.tripadvisor.com/media/photo-o/15/0f/92/ae/outdoor-area.jpg	https://dynamic-media-cdn.tripadvisor.com/media/photo-o/15/0f/93/2e/food.jpg	https://dynamic-media-cdn.tripadvisor.com/media/photo-o/15/0f/92/8c/entrance.jpg	https://dynamic-media-cdn.tripadvisor.com/media/photo-o/15/0f/92/ea/food.jpg	https://dynamic-media-cdn.tripadvisor.com/media/photo-o/15/0f/93/05/food.jpg	https://dynamic-media-cdn.tripadvisor.com/media/photo-o/15/0f/92/c3/outdoor.jpg																$$ - $$$		97	75	#75 of 97 Restaurants in Nuwara Eliya	3	24	19	20	37	14	2.971501112																																															RESTAURANT	https://www.tripadvisor.com/Restaurant_Review-g608524-d7193783-Reviews-Calamander_Lake_Gregory-Nuwara_Eliya_Central_Province.html	http://www.governorschalets.com"
"Central Province""									The Kitchen	5																																				13	https://media-cdn.tripadvisor.com/media/photo-o/2d/33/53/e8/caption.jpg	https://media-cdn.tripadvisor.com/media/photo-o/2d/33/53/e7/caption.jpg	https://media-cdn.tripadvisor.com/media/photo-o/2d/33/53/e6/caption.jpg	https://media-cdn.tripadvisor.com/media/photo-o/2d/33/53/e5/caption.jpg	https://media-cdn.tripadvisor.com/media/photo-o/29/f2/b2/f4/comfortable-seating-with.jpg	https://media-cdn.tripadvisor.com/media/photo-o/29/f2/b2/f3/different-styled-biriyani.jpg	https://media-cdn.tripadvisor.com/media/photo-o/29/f2/b2/f2/enjoy-your-dinner-with.jpg	https://media-cdn.tripadvisor.com/media/photo-o/29/f2/b2/f1/night-charming-of-our.jpg	https://media-cdn.tripadvisor.com/media/photo-o/29/f2/b2/f0/different-natural-lighting.jpg	https://media-cdn.tripadvisor.com/media/photo-o/29/f2/b2/ef/mounth-watering-biriyani.jpg	https://media-cdn.tripadvisor.com/media/photo-o/29/f2/b2/ee/fresh-vegetable-flavor.jpg	https://media-cdn.tripadvisor.com/media/photo-o/29/f2/b2/ed/enjoy-the-food-with-the.jpg	https://media-cdn.tripadvisor.com/media/photo-o/29/f2/b2/ec/on-the-badulla-road-opposite.jpg	https://dynamic-media-cdn.tripadvisor.com/media/photo-o/2d/33/53/e5/caption.jpg	https://dynamic-media-cdn.tripadvisor.com/media/photo-o/2d/33/53/e6/caption.jpg	https://dynamic-media-cdn.tripadvisor.com/media/photo-o/2d/33/53/e7/caption.jpg	https://dynamic-media-cdn.tripadvisor.com/media/photo-o/2d/33/53/e8/caption.jpg																																																					97	47	#47 of 97 Restaurants in Nuwara Eliya	4	1	0	0	1	3	3.091637373																																															RESTAURANT	https://www.tripadvisor.com/Restaurant_Review-g608524-d17600341-Reviews-The_Kitchen-Nuwara_Eliya_Central_Province.html"
"Central Province""	80.767136	Breakfast	Lunch						Victoria Gardens Restaurant	79	Open Now																																		+94 77 780 1755	53	https://media-cdn.tripadvisor.com/media/photo-o/07/72/a9/7b/victoria-gardens-resturant.jpg	https://media-cdn.tripadvisor.com/media/photo-o/07/72/a9/74/victoria-gardens-resturant.jpg	https://media-cdn.tripadvisor.com/media/photo-o/07/76/42/d9/guests-are-enjoying-their.jpg	https://media-cdn.tripadvisor.com/media/photo-o/07/76/40/dd/yenisey-victoria-restaurant.jpg	https://media-cdn.tripadvisor.com/media/photo-o/07/72/a9/b9/victoria-gardens-resturant.jpg	https://media-cdn.tripadvisor.com/media/photo-o/07/72/a9/b8/victoria-gardens-resturant.jpg	https://media-cdn.tripadvisor.com/media/photo-o/07/72/a9/b6/victoria-gardens-resturant.jpg	https://media-cdn.tripadvisor.com/media/photo-o/07/72/a9/b5/victoria-gardens-resturant.jpg	https://media-cdn.tripadvisor.com/media/photo-o/07/72/a9/b4/victoria-gardens-resturant.jpg	https://media-cdn.tripadvisor.com/media/photo-o/07/72/a9/b2/victoria-gardens-resturant.jpg	https://media-cdn.tripadvisor.com/media/photo-o/07/72/a9/b1/victoria-gardens-resturant.jpg	https://media-cdn.tripadvisor.com/media/photo-o/07/72/a9/af/victoria-gardens-resturant.jpg	https://media-cdn.tripadvisor.com/media/photo-o/07/72/a9/ae/victoria-gardens-resturant.jpg	https://media-cdn.tripadvisor.com/media/photo-o/07/72/a9/ab/victoria-gardens-resturant.jpg	https://media-cdn.tripadvisor.com/media/photo-o/07/72/a9/a9/victoria-gardens-resturant.jpg	https://media-cdn.tripadvisor.com/media/photo-o/07/72/a9/a5/victoria-gardens-resturant.jpg	https://media-cdn.tripadvisor.com/media/photo-o/07/72/a9/a1/victoria-gardens-resturant.jpg	https://media-cdn.tripadvisor.com/media/photo-o/07/72/a9/9e/victoria-gardens-resturant.jpg	https://media-cdn.tripadvisor.com/media/photo-o/07/72/a9/99/victoria-gardens-resturant.jpg	https://media-cdn.tripadvisor.com/media/photo-o/07/72/a9/96/victoria-gardens-resturant.jpg	https://media-cdn.tripadvisor.com/media/photo-o/07/72/a9/94/victoria-gardens-resturant.jpg	https://media-cdn.tripadvisor.com/media/photo-o/07/72/a9/7e/victoria-gardens-resturant.jpg	https://media-cdn.tripadvisor.com/media/photo-o/13/c9/d9/c0/photo0jpg.jpg	https://dynamic-media-cdn.tripadvisor.com/media/photo-o/15/fd/81/f0/photo1jpg.jpg	https://dynamic-media-cdn.tripadvisor.com/media/photo-o/15/fd/81/ef/photo0jpg.jpg	https://dynamic-media-cdn.tripadvisor.com/media/photo-o/13/c9/d9/c0/photo0jpg.jpg																																										$$ - $$$		97	33	#33 of 97 Restaurants in Nuwara Eliya	3.5	5	10	15	33	16	3.178188086																																													Sit down		RESTAURANT	https://www.tripadvisor.com/Restaurant_Review-g608524-d4747883-Reviews-Victoria_Gardens_Restaurant-Nuwara_Eliya_Central_Province.html	http://www.facebook.com/search/top/?q=nuwara%20eliya%2C%20yenisey%20lake%20view%20bungalow"
"Central Province""	80.55538	Breakfast							Zesta Tea Cup	84																																			+94 51 4 921416	50	https://media-cdn.tripadvisor.com/media/photo-o/0d/43/4a/99/ta-img-20161011-143945.jpg	https://media-cdn.tripadvisor.com/media/photo-o/0d/43/4a/9b/ta-img-20161011-144215.jpg	https://media-cdn.tripadvisor.com/media/photo-o/09/ae/94/69/zesta-tea-cup.jpg	https://media-cdn.tripadvisor.com/media/photo-o/25/33/ad/f6/breakfast-rs790.jpg	https://media-cdn.tripadvisor.com/media/photo-o/1c/3a/f8/85/entrance-pathway.jpg	https://media-cdn.tripadvisor.com/media/photo-o/1c/3a/f8/80/inside-the-restaurant.jpg	https://media-cdn.tripadvisor.com/media/photo-o/1c/3a/f8/75/inside-the-restaurant.jpg	https://media-cdn.tripadvisor.com/media/photo-o/1c/3a/f8/68/parking-area-and-the.jpg	https://media-cdn.tripadvisor.com/media/photo-o/1c/3a/f8/61/inside-the-restaurant.jpg	https://media-cdn.tripadvisor.com/media/photo-o/1c/3a/f8/52/parking-area.jpg	https://media-cdn.tripadvisor.com/media/photo-o/19/d9/2e/34/img-20191028-163501-largejpg.jpg	https://media-cdn.tripadvisor.com/media/photo-o/19/d9/2e/33/img-20191028-163356-largejpg.jpg	https://media-cdn.tripadvisor.com/media/photo-o/19/d9/2e/32/img-20191028-163606-largejpg.jpg	https://media-cdn.tripadvisor.com/media/photo-o/19/d9/2e/30/img-20191028-163404-largejpg.jpg	https://media-cdn.tripadvisor.com/media/photo-o/19/d9/2e/2f/img-20191028-164320-largejpg.jpg	https://media-cdn.tripadvisor.com/media/photo-o/19/d9/2e/2e/img-20191028-164443-largejpg.jpg	https://media-cdn.tripadvisor.com/media/photo-o/19/d9/2e/2d/img-20191028-164558-largejpg.jpg	https://media-cdn.tripadvisor.com/media/photo-o/19/43/4e/b6/go-for-this-its-worth.jpg	https://media-cdn.tripadvisor.com/media/photo-o/19/43/4e/b4/the-menu-2.jpg	https://media-cdn.tripadvisor.com/media/photo-o/19/43/4e/b2/the-menu-1.jpg	https://media-cdn.tripadvisor.com/media/photo-o/19/43/4e/af/eating-area.jpg	https://media-cdn.tripadvisor.com/media/photo-o/0d/43/4a/9a/ta-img-20161011-144251.jpg	https://media-cdn.tripadvisor.com/media/photo-o/0f/b7/9c/5e/restaurant-menu.jpg	https://dynamic-media-cdn.tripadvisor.com/media/photo-o/1c/3a/f8/52/parking-area.jpg	https://dynamic-media-cdn.tripadvisor.com/media/photo-o/1c/3a/f8/61/inside-the-restaurant.jpg	https://dynamic-media-cdn.tripadvisor.com/media/photo-o/1c/3a/f8/68/parking-area-and-the.jpg	https://dynamic-media-cdn.tripadvisor.com/media/photo-o/1c/3a/f8/75/inside-the-restaurant.jpg	https://dynamic-media-cdn.tripadvisor.com/media/photo-o/1c/3a/f8/80/inside-the-restaurant.jpg	https://dynamic-media-cdn.tripadvisor.com/media/photo-o/1c/3a/f8/85/entrance-pathway.jpg	https://dynamic-media-cdn.tripadvisor.com/media/photo-o/25/33/ad/f6/breakfast-rs790.jpg	https://dynamic-media-cdn.tripadvisor.com/media/photo-o/19/d9/2e/34/img-20191028-163501-largejpg.jpg	https://dynamic-media-cdn.tripadvisor.com/media/photo-o/19/d9/2e/33/img-20191028-163356-largejpg.jpg	https://dynamic-media-cdn.tripadvisor.com/media/photo-o/19/d9/2e/32/img-20191028-163606-largejpg.jpg	https://dynamic-media-cdn.tripadvisor.com/media/photo-o/19/d9/2e/30/img-20191028-163404-largejpg.jpg	https://dynamic-media-cdn.tripadvisor.com/media/photo-o/19/d9/2e/2f/img-20191028-164320-largejpg.jpg	https://dynamic-media-cdn.tripadvisor.com/media/photo-o/19/d9/2e/2e/img-20191028-164443-largejpg.jpg	https://dynamic-media-cdn.tripadvisor.com/media/photo-o/19/d9/2e/2d/img-20191028-164558-largejpg.jpg	https://dynamic-media-cdn.tripadvisor.com/media/photo-o/19/43/4e/b6/go-for-this-its-worth.jpg	https://dynamic-media-cdn.tripadvisor.com/media/photo-o/19/43/4e/b4/the-menu-2.jpg	https://dynamic-media-cdn.tripadvisor.com/media/photo-o/19/43/4e/b2/the-menu-1.jpg	https://dynamic-media-cdn.tripadvisor.com/media/photo-o/19/43/4e/af/eating-area.jpg	https://dynamic-media-cdn.tripadvisor.com/media/photo-o/19/43/4e/ae/entrance-chalk-board.jpg	https://dynamic-media-cdn.tripadvisor.com/media/photo-o/19/43/4e/a9/the-entrance.jpg	https://dynamic-media-cdn.tripadvisor.com/media/photo-o/19/3c/df/ab/ta-img-20190914-170524.jpg																								$$ - $$$		97	42	#42 of 97 Restaurants in Nuwara Eliya	3.5	13	10	13	28	20	3.114464998	2	curries	3	clean toilets																																									CafÃ©		RESTAURANT	https://www.tripadvisor.com/Restaurant_Review-g608524-d8631184-Reviews-Zesta_Tea_Cup-Nuwara_Eliya_Central_Province.html	http://www.zestaceylontea.com/blog/where-to-find-zesta-tea-in-sri-lanka"
"Central Province""	80.76564	Lunch	Dinner						Eat more | Nuwara Eliya	3	Open Now																																		+94 70 430 0009	3	https://media-cdn.tripadvisor.com/media/photo-o/2d/0f/ca/02/caption.jpg	https://media-cdn.tripadvisor.com/media/photo-o/2c/e6/96/26/caption.jpg	https://media-cdn.tripadvisor.com/media/photo-o/2c/e6/96/21/caption.jpg	https://dynamic-media-cdn.tripadvisor.com/media/photo-o/2d/0f/ca/02/caption.jpg	https://dynamic-media-cdn.tripadvisor.com/media/photo-o/2c/e6/96/26/caption.jpg	https://dynamic-media-cdn.tripadvisor.com/media/photo-o/2c/e6/96/21/caption.jpg																																																																97	43	#43 of 97 Restaurants in Nuwara Eliya	5	0	0	0	0	3	3.113026619																																															RESTAURANT	https://www.tripadvisor.com/Restaurant_Review-g608524-d28029143-Reviews-Eat_more_Nuwara_Eliya-Nuwara_Eliya_Central_Province.html	https://www.facebook.com/profile.php?id=100071918020674"
"Central Province""	80.76676	Breakfast	Lunch	Dinner	Late Night	Drinks			Thinking Cup	17	Open Now																																		+94 77 373 7678	26	https://media-cdn.tripadvisor.com/media/photo-o/1a/17/4c/80/thinking-cup.jpg	https://media-cdn.tripadvisor.com/media/photo-o/1a/06/da/c2/thinking-cup.jpg	https://media-cdn.tripadvisor.com/media/photo-o/1a/06/da/be/thinking-cup.jpg	https://media-cdn.tripadvisor.com/media/photo-o/1a/06/da/bb/thinking-cup.jpg	https://media-cdn.tripadvisor.com/media/photo-o/1a/06/da/b8/thinking-cup.jpg	https://media-cdn.tripadvisor.com/media/photo-o/1a/06/da/ae/thinking-cup.jpg	https://media-cdn.tripadvisor.com/media/photo-o/1a/06/da/a8/thinking-cup.jpg	https://media-cdn.tripadvisor.com/media/photo-o/1a/06/da/a6/thinking-cup.jpg	https://media-cdn.tripadvisor.com/media/photo-o/1a/06/da/a1/delicious-foods-at-thinking.jpg	https://media-cdn.tripadvisor.com/media/photo-o/1a/06/da/9c/happy-customers-at-thinking.jpg	https://media-cdn.tripadvisor.com/media/photo-o/1a/06/da/99/thinking-cup.jpg	https://media-cdn.tripadvisor.com/media/photo-o/1a/06/da/92/thinking-cup.jpg	https://media-cdn.tripadvisor.com/media/photo-o/1a/06/da/7e/thinking-cup-restaurant.jpg	https://media-cdn.tripadvisor.com/media/photo-o/1a/06/da/7a/thinking-cup-restaurant.jpg	https://media-cdn.tripadvisor.com/media/photo-o/1a/25/8d/c5/photo3jpg.jpg	https://media-cdn.tripadvisor.com/media/photo-o/1a/25/8d/c4/photo2jpg.jpg	https://media-cdn.tripadvisor.com/media/photo-o/1a/25/8d/c3/photo1jpg.jpg	https://media-cdn.tripadvisor.com/media/photo-o/1a/25/8d/c2/photo0jpg.jpg	https://media-cdn.tripadvisor.com/media/photo-o/1a/17/47/d6/img-20191112-181039-largejpg.jpg	https://media-cdn.tripadvisor.com/media/photo-o/1a/15/b8/2e/thinking-cup.jpg	https://dynamic-media-cdn.tripadvisor.com/media/photo-o/1a/25/8d/c5/photo3jpg.jpg	https://dynamic-media-cdn.tripadvisor.com/media/photo-o/1a/25/8d/c4/photo2jpg.jpg	https://dynamic-media-cdn.tripadvisor.com/media/photo-o/1a/25/8d/c3/photo1jpg.jpg	https://dynamic-media-cdn.tripadvisor.com/media/photo-o/1a/25/8d/c2/photo0jpg.jpg	https://dynamic-media-cdn.tripadvisor.com/media/photo-o/1a/15/b7/d8/thinking-cup.jpg	https://dynamic-media-cdn.tripadvisor.com/media/photo-o/1a/15/b8/2e/thinking-cup.jpg	https://dynamic-media-cdn.tripadvisor.com/media/photo-o/1a/15/b7/9d/thinking-cup.jpg	https://dynamic-media-cdn.tripadvisor.com/media/photo-o/1a/17/4c/80/thinking-cup.jpg																																								$		97	34	#34 of 97 Restaurants in Nuwara Eliya	4.5	2	0	1	1	13	3.165827513																																													CafÃ©		RESTAURANT	https://www.tripadvisor.com/Restaurant_Review-g608524-d19408772-Reviews-Thinking_Cup-Nuwara_Eliya_Central_Province.html"
"Central Province""	80.7668	Lunch	Dinner						Thaj Hotel & Bakers	31																																			+94 52 2 222736	20	https://media-cdn.tripadvisor.com/media/photo-o/09/13/f9/ff/thaj-hotel-bakers.jpg	https://media-cdn.tripadvisor.com/media/photo-o/09/13/f9/6e/thaj-hotel-bakers.jpg	https://media-cdn.tripadvisor.com/media/photo-o/09/13/fb/2e/thaj-hotel-bakers.jpg	https://media-cdn.tripadvisor.com/media/photo-o/09/13/fa/bb/thaj-hotel-bakers.jpg	https://media-cdn.tripadvisor.com/media/photo-o/09/13/f9/36/thaj-hotel-bakers.jpg	https://media-cdn.tripadvisor.com/media/photo-o/1a/73/8c/9b/full-menu-in-2019.jpg	https://media-cdn.tripadvisor.com/media/photo-o/19/3c/9b/ed/20190911-164050-largejpg.jpg	https://media-cdn.tripadvisor.com/media/photo-o/19/3c/9b/ec/20190911-164405-largejpg.jpg	https://media-cdn.tripadvisor.com/media/photo-o/16/41/b1/49/photo1jpg.jpg	https://media-cdn.tripadvisor.com/media/photo-o/16/41/b1/48/photo0jpg.jpg	https://media-cdn.tripadvisor.com/media/photo-o/12/19/8a/45/img-20180219-180319-largejpg.jpg	https://media-cdn.tripadvisor.com/media/photo-o/12/19/8a/44/img-20180219-180334-largejpg.jpg	https://media-cdn.tripadvisor.com/media/photo-o/12/19/8a/43/img-20180219-180545-largejpg.jpg	https://media-cdn.tripadvisor.com/media/photo-o/11/ea/48/09/special-biryani.jpg	https://media-cdn.tripadvisor.com/media/photo-o/11/ea/47/f7/view-over-the-street.jpg	https://media-cdn.tripadvisor.com/media/photo-o/11/d2/a7/2b/photo2jpg.jpg	https://media-cdn.tripadvisor.com/media/photo-o/11/d2/a7/2a/photo1jpg.jpg	https://media-cdn.tripadvisor.com/media/photo-o/11/d2/a7/29/photo0jpg.jpg	https://media-cdn.tripadvisor.com/media/photo-o/0c/fd/80/21/20160916-161918-largejpg.jpg	https://media-cdn.tripadvisor.com/media/photo-o/09/13/f9/a5/thaj-hotel-bakers.jpg	https://dynamic-media-cdn.tripadvisor.com/media/photo-o/19/3c/9b/ed/20190911-164050-largejpg.jpg	https://dynamic-media-cdn.tripadvisor.com/media/photo-o/19/3c/9b/ec/20190911-164405-largejpg.jpg	https://dynamic-media-cdn.tripadvisor.com/media/photo-o/16/41/b1/49/photo1jpg.jpg	https://dynamic-media-cdn.tripadvisor.com/media/photo-o/16/41/b1/48/photo0jpg.jpg	https://dynamic-media-cdn.tripadvisor.com/media/photo-o/11/ea/48/09/special-biryani.jpg	https://dynamic-media-cdn.tripadvisor.com/media/photo-o/11/ea/47/f7/view-over-the-street.jpg	https://dynamic-media-cdn.tripadvisor.com/media/photo-o/11/d2/a7/2b/photo2jpg.jpg	https://dynamic-media-cdn.tripadvisor.com/media/photo-o/11/d2/a7/2a/photo1jpg.jpg	https://dynamic-media-cdn.tripadvisor.com/media/photo-o/11/d2/a7/29/photo0jpg.jpg																																							$		97	31	#31 of 97 Restaurants in Nuwara Eliya	4	0	0	8	14	9	3.211816549																																													CafÃ©		RESTAURANT	https://www.tripadvisor.com/Restaurant_Review-g608524-d7366264-Reviews-Thaj_Hotel_Bakers-Nuwara_Eliya_Central_Province.html"
